Time,Latitude,Longitude,Altitude,Distance,HeartRate,Speed
2016-07-05T00:44:20Z,30.3114260,-97.7327280,176.2,6.0,103,0.0
2016-07-05T00:44:21Z,30.3113870,-97.7327410,176.2,10.5,103,0.0
2016-07-05T00:44:22Z,30.3113310,-97.7327550,176.2,16.9,102,0.0
2016-07-05T00:44:23Z,30.3112830,-97.7327770,176.0,22.5,101,19.8
2016-07-05T00:44:24Z,30.3112350,-97.7327970,176.0,28.3,101,20.16
2016-07-05T00:44:25Z,30.3111880,-97.7328130,175.8,33.7,101,19.8
2016-07-05T00:44:26Z,30.3111510,-97.7328280,176.0,38.0,101,19.8
2016-07-05T00:44:27Z,30.3111220,-97.7328460,175.6,41.6,101,17.64
2016-07-05T00:44:28Z,30.3110900,-97.7328610,175.6,45.5,102,16.56
2016-07-05T00:44:29Z,30.3110620,-97.7328730,175.4,48.8,101,14.76
2016-07-05T00:44:30Z,30.3110350,-97.7328840,175.4,52.0,101,13.32
2016-07-05T00:44:31Z,30.3110220,-97.7328930,175.2,53.6,99,11.16
2016-07-05T00:44:32Z,30.3110050,-97.7329060,175.2,55.9,98,10.44
2016-07-05T00:44:33Z,30.3109870,-97.7329260,175.2,58.5,98,9.360000000000001
2016-07-05T00:44:34Z,30.3109810,-97.7329370,175.2,59.6,98,7.920000000000001
2016-07-05T00:44:35Z,30.3109750,-97.7329490,175.2,60.6,99,6.12
2016-07-05T00:44:36Z,30.3109690,-97.7329600,175.2,61.7,99,5.760000000000001
2016-07-05T00:44:37Z,30.3109620,-97.7329720,175.4,62.7,99,5.04
2016-07-05T00:44:38Z,30.3109560,-97.7329830,175.4,63.7,100,3.6
2016-07-05T00:45:24Z,30.3109500,-97.7329950,175.0,64.8,88,0.0
2016-07-05T00:45:25Z,30.3109440,-97.7330060,175.0,65.8,90,0.0
2016-07-05T00:45:26Z,30.3109040,-97.7330300,175.0,70.8,92,0.36000000000000004
2016-07-05T00:45:27Z,30.3108630,-97.7330540,175.0,75.8,94,0.7200000000000001
2016-07-05T00:45:28Z,30.3108260,-97.7330720,175.0,80.3,96,1.08
2016-07-05T00:45:29Z,30.3107860,-97.7330900,175.0,85.0,97,1.08
2016-07-05T00:45:30Z,30.3107390,-97.7331120,175.0,90.7,98,1.08
2016-07-05T00:45:31Z,30.3107010,-97.7331350,175.0,95.5,100,17.64
2016-07-05T00:45:32Z,30.3106560,-97.7331650,175.0,101.3,100,18.36
2016-07-05T00:45:33Z,30.3106110,-97.7331930,175.0,106.9,101,19.08
2016-07-05T00:45:34Z,30.3105660,-97.7332220,175.0,112.6,102,19.8
2016-07-05T00:45:35Z,30.3105230,-97.7332480,175.0,118.0,102,19.8
2016-07-05T00:45:36Z,30.3104740,-97.7332830,175.0,124.4,102,20.88
2016-07-05T00:45:37Z,30.3104260,-97.7333170,175.0,130.6,103,21.240000000000002
2016-07-05T00:45:38Z,30.3103800,-97.7333480,174.8,136.5,104,21.240000000000002
2016-07-05T00:45:39Z,30.3103350,-97.7333790,174.8,142.3,104,21.240000000000002
2016-07-05T00:45:40Z,30.3102900,-97.7334080,174.6,148.0,104,21.6
2016-07-05T00:45:41Z,30.3102560,-97.7334310,174.6,152.4,104,20.16
2016-07-05T00:45:42Z,30.3102000,-97.7334680,174.4,159.6,105,20.88
2016-07-05T00:45:43Z,30.3101530,-97.7334970,174.6,165.5,105,20.88
2016-07-05T00:45:44Z,30.3101050,-97.7335280,174.4,171.5,106,20.88
2016-07-05T00:45:45Z,30.3100570,-97.7335600,174.4,177.7,107,21.240000000000002
2016-07-05T00:45:46Z,30.3100130,-97.7335880,174.4,183.3,108,22.32
2016-07-05T00:45:47Z,30.3099730,-97.7336140,174.4,188.4,109,20.88
2016-07-05T00:45:48Z,30.3099120,-97.7336510,174.2,196.0,110,21.96
2016-07-05T00:45:49Z,30.3098620,-97.7336830,174.4,202.3,111,22.32
2016-07-05T00:45:50Z,30.3098150,-97.7337130,174.2,208.4,112,21.96
2016-07-05T00:45:51Z,30.3097680,-97.7337440,174.2,214.4,112,22.32
2016-07-05T00:45:52Z,30.3097150,-97.7337770,174.2,221.0,112,23.400000000000002
2016-07-05T00:45:53Z,30.3096700,-97.7338070,174.2,226.7,112,21.96
2016-07-05T00:45:54Z,30.3096190,-97.7338410,174.4,233.3,112,22.32
2016-07-05T00:45:55Z,30.3095690,-97.7338720,174.2,239.6,112,22.32
2016-07-05T00:45:56Z,30.3095230,-97.7339020,174.2,245.4,112,22.32
2016-07-05T00:45:57Z,30.3094730,-97.7339350,174.2,251.9,113,22.32
2016-07-05T00:45:58Z,30.3094230,-97.7339670,174.2,258.1,113,22.68
2016-07-05T00:45:59Z,30.3093760,-97.7339970,174.0,264.2,113,22.32
2016-07-05T00:46:00Z,30.3093250,-97.7340300,174.2,270.6,114,22.32
2016-07-05T00:46:01Z,30.3092760,-97.7340610,174.2,276.8,116,22.68
2016-07-05T00:46:02Z,30.3092270,-97.7340920,174.0,283.0,117,22.32
2016-07-05T00:46:03Z,30.3091740,-97.7341260,174.0,289.7,117,22.68
2016-07-05T00:46:04Z,30.3091250,-97.7341570,174.0,295.9,117,22.68
2016-07-05T00:46:05Z,30.3090810,-97.7341850,173.8,301.5,117,22.32
2016-07-05T00:46:06Z,30.3090300,-97.7342180,173.8,307.9,116,22.32
2016-07-05T00:46:07Z,30.3089790,-97.7342520,173.8,314.5,117,22.68
2016-07-05T00:46:08Z,30.3089300,-97.7342840,173.8,320.8,116,22.32
2016-07-05T00:46:09Z,30.3088790,-97.7343160,173.8,327.2,117,22.68
2016-07-05T00:46:10Z,30.3088310,-97.7343450,173.8,333.2,117,22.68
2016-07-05T00:46:11Z,30.3087840,-97.7343750,173.8,339.2,118,22.68
2016-07-05T00:46:12Z,30.3087260,-97.7344120,173.8,346.5,118,23.040000000000003
2016-07-05T00:46:13Z,30.3086740,-97.7344450,173.8,353.1,119,23.400000000000002
2016-07-05T00:46:14Z,30.3086230,-97.7344790,173.8,359.6,119,23.400000000000002
2016-07-05T00:46:15Z,30.3085740,-97.7345120,174.0,365.9,118,23.400000000000002
2016-07-05T00:46:16Z,30.3085270,-97.7345430,174.0,371.9,118,23.400000000000002
2016-07-05T00:46:17Z,30.3084750,-97.7345750,174.0,378.5,119,23.040000000000003
2016-07-05T00:46:18Z,30.3084240,-97.7346070,174.2,384.9,119,23.040000000000003
2016-07-05T00:46:19Z,30.3083690,-97.7346420,174.2,391.9,118,23.400000000000002
2016-07-05T00:46:20Z,30.3083190,-97.7346720,174.0,398.1,118,23.040000000000003
2016-07-05T00:46:21Z,30.3082720,-97.7347040,174.0,404.2,118,23.400000000000002
2016-07-05T00:46:22Z,30.3082190,-97.7347400,173.8,411.0,117,23.400000000000002
2016-07-05T00:46:23Z,30.3081700,-97.7347730,173.8,417.2,118,23.400000000000002
2016-07-05T00:46:24Z,30.3081160,-97.7348080,173.6,424.1,119,23.040000000000003
2016-07-05T00:46:25Z,30.3080680,-97.7348390,173.4,430.3,120,23.040000000000003
2016-07-05T00:46:26Z,30.3080200,-97.7348690,173.2,436.2,120,23.040000000000003
2016-07-05T00:46:27Z,30.3079630,-97.7349070,173.2,443.6,121,23.400000000000002
2016-07-05T00:46:28Z,30.3079120,-97.7349370,173.0,449.9,121,23.400000000000002
2016-07-05T00:46:29Z,30.3078620,-97.7349690,173.0,456.3,122,23.040000000000003
2016-07-05T00:46:30Z,30.3078100,-97.7350020,173.2,462.9,121,23.400000000000002
2016-07-05T00:46:31Z,30.3077620,-97.7350320,173.4,468.9,121,23.400000000000002
2016-07-05T00:46:32Z,30.3077110,-97.7350640,173.4,475.3,120,22.68
2016-07-05T00:46:33Z,30.3076630,-97.7350960,173.6,481.5,119,22.68
2016-07-05T00:46:34Z,30.3076180,-97.7351270,173.4,487.3,119,22.32
2016-07-05T00:46:35Z,30.3075700,-97.7351580,173.4,493.4,119,21.96
2016-07-05T00:46:36Z,30.3075200,-97.7351900,173.2,499.7,119,22.32
2016-07-05T00:46:37Z,30.3074670,-97.7352240,173.2,506.5,118,22.32
2016-07-05T00:46:38Z,30.3074160,-97.7352560,173.4,512.9,119,22.68
2016-07-05T00:46:39Z,30.3073640,-97.7352900,173.4,519.5,119,23.040000000000003
2016-07-05T00:46:40Z,30.3073140,-97.7353210,173.6,525.9,119,23.400000000000002
2016-07-05T00:46:41Z,30.3072640,-97.7353520,173.6,532.1,119,23.400000000000002
2016-07-05T00:46:42Z,30.3072070,-97.7353910,173.6,539.4,120,23.759999999999998
2016-07-05T00:46:43Z,30.3071540,-97.7354260,173.6,546.2,121,24.12
2016-07-05T00:46:44Z,30.3071020,-97.7354580,173.4,552.8,121,24.12
2016-07-05T00:46:45Z,30.3070530,-97.7354900,173.2,559.0,121,23.759999999999998
2016-07-05T00:46:46Z,30.3070050,-97.7355220,173.0,565.2,121,23.759999999999998
2016-07-05T00:46:47Z,30.3069520,-97.7355550,172.8,571.8,120,23.400000000000002
2016-07-05T00:46:48Z,30.3068990,-97.7355880,172.6,578.5,120,23.400000000000002
2016-07-05T00:46:49Z,30.3068510,-97.7356200,172.6,584.6,119,23.040000000000003
2016-07-05T00:46:50Z,30.3067990,-97.7356540,172.6,591.3,118,23.400000000000002
2016-07-05T00:46:51Z,30.3067470,-97.7356860,172.6,597.8,118,23.400000000000002
2016-07-05T00:46:52Z,30.3066950,-97.7357210,172.6,604.5,117,23.400000000000002
2016-07-05T00:46:53Z,30.3066470,-97.7357520,172.4,610.6,116,23.040000000000003
2016-07-05T00:46:54Z,30.3065960,-97.7357840,172.4,617.1,116,23.400000000000002
2016-07-05T00:46:55Z,30.3065450,-97.7358160,172.2,623.5,116,23.040000000000003
2016-07-05T00:46:56Z,30.3064960,-97.7358470,172.2,629.6,116,23.040000000000003
2016-07-05T00:46:57Z,30.3064440,-97.7358800,172.2,636.2,116,22.68
2016-07-05T00:46:58Z,30.3063920,-97.7359150,172.2,643.0,116,23.400000000000002
2016-07-05T00:46:59Z,30.3063390,-97.7359480,172.4,649.6,116,23.400000000000002
2016-07-05T00:47:00Z,30.3062860,-97.7359810,172.4,656.2,117,23.400000000000002
2016-07-05T00:47:01Z,30.3062350,-97.7360140,172.4,662.7,117,23.759999999999998
2016-07-05T00:47:02Z,30.3061810,-97.7360510,172.2,669.7,118,24.12
2016-07-05T00:47:03Z,30.3061300,-97.7360850,172.2,676.3,118,24.12
2016-07-05T00:47:04Z,30.3060830,-97.7361160,172.0,682.3,118,23.400000000000002
2016-07-05T00:47:05Z,30.3060380,-97.7361470,172.0,688.1,119,23.040000000000003
2016-07-05T00:47:06Z,30.3059900,-97.7361800,171.8,694.3,119,22.68
2016-07-05T00:47:07Z,30.3059370,-97.7362140,171.4,701.0,120,22.68
2016-07-05T00:47:08Z,30.3058890,-97.7362460,171.2,707.1,120,22.32
2016-07-05T00:47:09Z,30.3058400,-97.7362780,170.8,713.4,119,22.32
2016-07-05T00:47:10Z,30.3057940,-97.7363080,170.4,719.2,119,22.32
2016-07-05T00:47:11Z,30.3057450,-97.7363400,170.2,725.5,119,22.32
2016-07-05T00:47:12Z,30.3056910,-97.7363750,170.2,732.4,120,22.68
2016-07-05T00:47:13Z,30.3056440,-97.7364040,170.2,738.3,120,22.32
2016-07-05T00:47:14Z,30.3055910,-97.7364370,170.2,744.9,121,22.68
2016-07-05T00:47:15Z,30.3055450,-97.7364680,170.4,750.9,121,22.68
2016-07-05T00:47:16Z,30.3055000,-97.7364980,170.6,756.6,121,22.32
2016-07-05T00:47:17Z,30.3054500,-97.7365310,170.8,763.0,122,21.96
2016-07-05T00:47:18Z,30.3054000,-97.7365630,170.8,769.3,121,22.32
2016-07-05T00:47:19Z,30.3053510,-97.7365940,171.0,775.6,122,21.96
2016-07-05T00:47:20Z,30.3053010,-97.7366260,170.8,781.9,122,22.32
2016-07-05T00:47:21Z,30.3052550,-97.7366570,170.8,787.8,122,22.32
2016-07-05T00:47:22Z,30.3052040,-97.7366900,170.6,794.2,122,22.32
2016-07-05T00:47:23Z,30.3051550,-97.7367230,170.8,800.5,123,22.32
2016-07-05T00:47:24Z,30.3051030,-97.7367570,171.0,807.1,123,22.68
2016-07-05T00:47:25Z,30.3050510,-97.7367910,171.0,813.8,124,23.040000000000003
2016-07-05T00:47:26Z,30.3050030,-97.7368200,171.0,819.9,124,23.040000000000003
2016-07-05T00:47:27Z,30.3049470,-97.7368560,171.0,826.9,125,23.400000000000002
2016-07-05T00:47:28Z,30.3049000,-97.7368850,170.8,832.9,125,23.400000000000002
2016-07-05T00:47:29Z,30.3048440,-97.7369210,170.8,839.9,125,23.759999999999998
2016-07-05T00:47:30Z,30.3047930,-97.7369550,170.6,846.4,125,23.400000000000002
2016-07-05T00:47:31Z,30.3047420,-97.7369870,170.6,853.0,126,23.759999999999998
2016-07-05T00:47:32Z,30.3046860,-97.7370230,170.4,860.1,125,23.759999999999998
2016-07-05T00:47:33Z,30.3046330,-97.7370560,170.2,866.7,125,24.48
2016-07-05T00:47:34Z,30.3045840,-97.7370880,170.0,873.0,125,23.759999999999998
2016-07-05T00:47:35Z,30.3045320,-97.7371220,170.0,879.6,124,23.759999999999998
2016-07-05T00:47:36Z,30.3044810,-97.7371530,170.0,886.0,124,23.759999999999998
2016-07-05T00:47:37Z,30.3044260,-97.7371890,169.8,893.0,123,23.759999999999998
2016-07-05T00:47:38Z,30.3043740,-97.7372230,169.8,899.6,123,23.759999999999998
2016-07-05T00:47:39Z,30.3043230,-97.7372560,169.8,906.1,122,23.759999999999998
2016-07-05T00:47:40Z,30.3042730,-97.7372860,169.6,912.3,121,23.400000000000002
2016-07-05T00:47:41Z,30.3042280,-97.7373150,169.4,918.0,121,23.040000000000003
2016-07-05T00:47:42Z,30.3041750,-97.7373500,169.4,924.9,119,23.040000000000003
2016-07-05T00:47:43Z,30.3041280,-97.7373800,169.2,930.8,118,22.32
2016-07-05T00:47:44Z,30.3040850,-97.7374070,169.2,936.2,117,21.6
2016-07-05T00:47:45Z,30.3040380,-97.7374350,169.0,942.1,116,21.6
2016-07-05T00:47:46Z,30.3039970,-97.7374620,169.0,947.3,116,21.240000000000002
2016-07-05T00:47:47Z,30.3039520,-97.7374920,169.0,953.1,116,20.16
2016-07-05T00:47:48Z,30.3039070,-97.7375200,168.8,958.7,117,20.16
2016-07-05T00:47:49Z,30.3038660,-97.7375470,168.8,964.0,116,20.16
2016-07-05T00:47:50Z,30.3038240,-97.7375710,168.8,969.2,117,19.44
2016-07-05T00:47:51Z,30.3037870,-97.7375960,168.8,973.9,116,19.08
2016-07-05T00:47:52Z,30.3037520,-97.7376210,168.6,978.5,116,18.36
2016-07-05T00:47:53Z,30.3037100,-97.7376480,168.8,983.8,116,18.0
2016-07-05T00:47:54Z,30.3036700,-97.7376740,169.0,988.9,116,18.0
2016-07-05T00:47:55Z,30.3036340,-97.7376990,169.0,993.5,115,17.64
2016-07-05T00:47:56Z,30.3035950,-97.7377240,168.8,998.5,114,17.64
2016-07-05T00:47:57Z,30.3035530,-97.7377510,168.8,1003.8,113,18.36
2016-07-05T00:47:58Z,30.3035140,-97.7377750,168.8,1008.7,113,18.0
2016-07-05T00:47:59Z,30.3034750,-97.7378000,168.6,1013.7,112,18.0
2016-07-05T00:48:00Z,30.3034370,-97.7378260,168.4,1018.6,112,18.0
2016-07-05T00:48:01Z,30.3033970,-97.7378510,168.4,1023.7,111,18.0
2016-07-05T00:48:02Z,30.3033550,-97.7378770,168.0,1028.9,110,18.0
2016-07-05T00:48:03Z,30.3033160,-97.7379010,168.0,1033.8,110,18.0
2016-07-05T00:48:04Z,30.3032770,-97.7379240,168.0,1038.6,109,18.0
2016-07-05T00:48:05Z,30.3032390,-97.7379480,167.6,1043.5,107,18.0
2016-07-05T00:48:06Z,30.3032010,-97.7379730,167.6,1048.3,107,17.64
2016-07-05T00:48:07Z,30.3031620,-97.7380000,167.6,1053.4,106,17.64
2016-07-05T00:48:08Z,30.3031270,-97.7380220,167.6,1057.8,106,17.28
2016-07-05T00:48:09Z,30.3030910,-97.7380440,167.2,1062.3,105,16.92
2016-07-05T00:48:10Z,30.3030650,-97.7380630,167.2,1065.7,103,15.840000000000002
2016-07-05T00:48:11Z,30.3030410,-97.7380780,167.4,1068.8,103,14.76
2016-07-05T00:48:12Z,30.3030160,-97.7380940,167.4,1071.9,102,13.32
2016-07-05T00:48:13Z,30.3029970,-97.7381050,167.2,1074.3,102,11.879999999999999
2016-07-05T00:48:14Z,30.3029790,-97.7381150,167.4,1076.5,102,10.08
2016-07-05T00:48:15Z,30.3029620,-97.7381260,167.2,1078.6,101,9.360000000000001
2016-07-05T00:48:16Z,30.3029470,-97.7381350,167.0,1080.5,100,8.28
2016-07-05T00:48:17Z,30.3029350,-97.7381430,167.0,1082.1,100,7.2
2016-07-05T00:48:18Z,30.3029200,-97.7381540,167.0,1084.0,100,6.84
2016-07-05T00:48:19Z,30.3029110,-97.7381610,167.0,1085.3,100,6.48
2016-07-05T00:48:20Z,30.3029070,-97.7381650,167.0,1085.9,100,5.4
2016-07-05T00:48:21Z,30.3029080,-97.7381630,166.8,1085.9,101,3.9600000000000004
2016-07-05T00:48:22Z,30.3029050,-97.7381650,166.8,1086.3,102,2.8800000000000003
2016-07-05T00:48:52Z,30.3028830,-97.7381770,166.6,1086.3,98,0.0
2016-07-05T00:48:53Z,30.3028650,-97.7381890,166.4,1088.6,99,0.36000000000000004
2016-07-05T00:48:54Z,30.3028410,-97.7382050,166.4,1091.7,100,0.7200000000000001
2016-07-05T00:48:55Z,30.3028120,-97.7382230,166.6,1095.3,101,1.08
2016-07-05T00:48:56Z,30.3027810,-97.7382420,166.8,1099.2,102,1.4400000000000002
2016-07-05T00:48:57Z,30.3027400,-97.7382680,166.6,1104.4,103,1.4400000000000002
2016-07-05T00:48:58Z,30.3027000,-97.7382940,166.8,1109.5,104,15.120000000000001
2016-07-05T00:48:59Z,30.3026580,-97.7383200,167.0,1114.8,105,16.56
2016-07-05T00:49:00Z,30.3026170,-97.7383460,166.8,1120.0,107,17.64
2016-07-05T00:49:01Z,30.3025760,-97.7383700,166.6,1125.0,108,18.720000000000002
2016-07-05T00:49:02Z,30.3025300,-97.7383980,166.6,1130.8,109,19.08
2016-07-05T00:49:03Z,30.3024860,-97.7384260,166.4,1136.3,109,19.44
2016-07-05T00:49:04Z,30.3024410,-97.7384520,166.4,1142.0,110,19.44
2016-07-05T00:49:05Z,30.3023950,-97.7384800,166.2,1147.7,110,19.8
2016-07-05T00:49:06Z,30.3023460,-97.7385120,166.2,1153.9,111,20.88
2016-07-05T00:49:07Z,30.3022940,-97.7385420,166.2,1160.4,111,21.240000000000002
2016-07-05T00:49:08Z,30.3022460,-97.7385740,166.2,1166.6,111,21.96
2016-07-05T00:49:09Z,30.3021970,-97.7386060,166.2,1172.8,112,22.32
2016-07-05T00:49:10Z,30.3021510,-97.7386350,166.0,1178.6,112,22.32
2016-07-05T00:49:11Z,30.3021020,-97.7386650,166.2,1184.8,112,22.32
2016-07-05T00:49:12Z,30.3020490,-97.7386990,166.0,1191.6,113,22.32
2016-07-05T00:49:13Z,30.3020000,-97.7387310,166.0,1197.7,113,22.32
2016-07-05T00:49:14Z,30.3019420,-97.7387680,166.0,1205.1,114,23.400000000000002
2016-07-05T00:49:15Z,30.3018920,-97.7387980,166.0,1211.3,115,23.400000000000002
2016-07-05T00:49:16Z,30.3018440,-97.7388280,166.0,1217.4,115,23.400000000000002
2016-07-05T00:49:17Z,30.3017890,-97.7388630,166.0,1224.4,116,23.759999999999998
2016-07-05T00:49:18Z,30.3017350,-97.7388980,165.8,1231.2,116,24.12
2016-07-05T00:49:19Z,30.3016840,-97.7389310,165.8,1237.7,116,23.400000000000002
2016-07-05T00:49:20Z,30.3016340,-97.7389620,165.6,1244.0,115,23.400000000000002
2016-07-05T00:49:21Z,30.3015840,-97.7389920,165.4,1250.3,115,23.759999999999998
2016-07-05T00:49:22Z,30.3015310,-97.7390250,165.4,1257.0,115,23.400000000000002
2016-07-05T00:49:23Z,30.3014810,-97.7390570,165.4,1263.3,116,23.040000000000003
2016-07-05T00:49:24Z,30.3014300,-97.7390920,165.6,1269.9,116,23.040000000000003
2016-07-05T00:49:25Z,30.3013810,-97.7391240,165.8,1276.1,117,23.040000000000003
2016-07-05T00:49:26Z,30.3013360,-97.7391520,165.8,1281.8,118,22.68
2016-07-05T00:49:27Z,30.3012850,-97.7391840,166.0,1288.2,119,22.32
2016-07-05T00:49:28Z,30.3012400,-97.7392120,166.0,1293.8,120,21.96
2016-07-05T00:49:29Z,30.3011950,-97.7392420,166.0,1299.6,121,21.240000000000002
2016-07-05T00:49:30Z,30.3011470,-97.7392710,166.2,1305.6,122,21.240000000000002
2016-07-05T00:49:31Z,30.3011060,-97.7392980,166.2,1310.9,122,20.88
2016-07-05T00:49:32Z,30.3010580,-97.7393290,166.4,1317.0,123,20.88
2016-07-05T00:49:33Z,30.3010130,-97.7393590,166.4,1322.7,124,20.88
2016-07-05T00:49:34Z,30.3009700,-97.7393860,166.6,1328.2,125,20.52
2016-07-05T00:49:35Z,30.3009310,-97.7394100,166.6,1333.1,125,19.8
2016-07-05T00:49:36Z,30.3008820,-97.7394400,166.6,1339.2,126,20.52
2016-07-05T00:49:37Z,30.3008380,-97.7394690,166.8,1344.9,127,20.16
2016-07-05T00:49:38Z,30.3007970,-97.7394960,166.8,1350.1,128,19.8
2016-07-05T00:49:39Z,30.3007550,-97.7395250,167.0,1355.5,128,19.8
2016-07-05T00:49:40Z,30.3007160,-97.7395490,167.0,1360.4,129,19.8
2016-07-05T00:49:41Z,30.3006740,-97.7395750,167.2,1365.7,129,19.08
2016-07-05T00:49:42Z,30.3006260,-97.7396050,167.2,1371.7,129,19.44
2016-07-05T00:49:43Z,30.3005870,-97.7396300,167.2,1376.7,130,19.08
2016-07-05T00:49:44Z,30.3005410,-97.7396580,167.2,1382.5,130,19.44
2016-07-05T00:49:45Z,30.3005000,-97.7396860,167.2,1387.7,130,19.8
2016-07-05T00:49:46Z,30.3004630,-97.7397100,167.6,1392.5,131,19.44
2016-07-05T00:49:47Z,30.3004180,-97.7397370,167.8,1398.0,131,19.08
2016-07-05T00:49:48Z,30.3003760,-97.7397620,168.0,1403.3,131,19.08
2016-07-05T00:49:49Z,30.3003370,-97.7397870,168.0,1408.2,131,18.36
2016-07-05T00:49:50Z,30.3002990,-97.7398120,168.2,1413.0,131,18.36
2016-07-05T00:49:51Z,30.3002610,-97.7398360,168.0,1417.9,132,18.36
2016-07-05T00:49:52Z,30.3002210,-97.7398640,168.0,1423.1,133,18.0
2016-07-05T00:49:53Z,30.3001800,-97.7398900,168.0,1428.2,134,18.0
2016-07-05T00:49:54Z,30.3001380,-97.7399160,168.0,1433.6,135,18.36
2016-07-05T00:49:55Z,30.3000980,-97.7399420,168.0,1438.7,136,18.36
2016-07-05T00:49:56Z,30.3000540,-97.7399660,168.2,1444.1,136,18.720000000000002
2016-07-05T00:49:57Z,30.3000050,-97.7399960,168.4,1450.2,136,19.44
2016-07-05T00:49:58Z,30.2999590,-97.7400240,168.4,1456.0,136,20.16
2016-07-05T00:49:59Z,30.2999130,-97.7400520,168.4,1461.8,136,20.16
2016-07-05T00:50:00Z,30.2998610,-97.7400860,168.4,1468.3,136,21.240000000000002
2016-07-05T00:50:01Z,30.2998160,-97.7401150,168.4,1474.1,136,21.6
2016-07-05T00:50:02Z,30.2997650,-97.7401470,168.2,1480.5,136,21.96
2016-07-05T00:50:03Z,30.2997180,-97.7401750,168.2,1486.4,136,21.96
2016-07-05T00:50:04Z,30.2996700,-97.7402070,168.0,1492.5,136,21.96
2016-07-05T00:50:05Z,30.2996210,-97.7402370,168.0,1498.6,136,21.96
2016-07-05T00:50:06Z,30.2995740,-97.7402670,168.0,1504.7,135,21.96
2016-07-05T00:50:07Z,30.2995180,-97.7403020,168.0,1511.8,135,22.68
2016-07-05T00:50:08Z,30.2994680,-97.7403350,168.0,1518.1,135,22.68
2016-07-05T00:50:09Z,30.2994180,-97.7403670,168.2,1524.5,135,23.040000000000003
2016-07-05T00:50:10Z,30.2993720,-97.7403970,168.2,1530.3,135,22.68
2016-07-05T00:50:11Z,30.2993250,-97.7404280,168.0,1536.3,135,22.68
2016-07-05T00:50:12Z,30.2992700,-97.7404630,167.8,1543.2,135,22.68
2016-07-05T00:50:13Z,30.2992210,-97.7404950,167.8,1549.5,135,22.68
2016-07-05T00:50:14Z,30.2991750,-97.7405240,167.6,1555.3,136,22.32
2016-07-05T00:50:15Z,30.2991210,-97.7405570,167.6,1562.1,136,23.040000000000003
2016-07-05T00:50:16Z,30.2990780,-97.7405850,167.6,1567.6,136,22.68
2016-07-05T00:50:17Z,30.2990240,-97.7406190,167.4,1574.4,136,22.32
2016-07-05T00:50:18Z,30.2989710,-97.7406530,167.6,1581.1,137,22.68
2016-07-05T00:50:19Z,30.2989200,-97.7406860,167.6,1587.6,137,23.400000000000002
2016-07-05T00:50:20Z,30.2988680,-97.7407180,167.6,1594.1,137,23.040000000000003
2016-07-05T00:50:21Z,30.2988190,-97.7407480,167.8,1600.2,137,23.400000000000002
2016-07-05T00:50:22Z,30.2987670,-97.7407810,167.8,1606.9,136,23.400000000000002
2016-07-05T00:50:23Z,30.2987140,-97.7408150,167.8,1613.5,136,23.400000000000002
2016-07-05T00:50:24Z,30.2986600,-97.7408500,167.8,1620.5,136,23.759999999999998
2016-07-05T00:50:25Z,30.2986090,-97.7408820,167.8,1626.9,136,23.759999999999998
2016-07-05T00:50:26Z,30.2985570,-97.7409150,168.0,1633.4,137,23.759999999999998
2016-07-05T00:50:27Z,30.2985020,-97.7409490,167.8,1640.4,137,24.12
2016-07-05T00:50:28Z,30.2984520,-97.7409820,167.6,1646.8,137,24.12
2016-07-05T00:50:29Z,30.2983980,-97.7410150,167.8,1653.5,137,23.759999999999998
2016-07-05T00:50:30Z,30.2983430,-97.7410500,167.8,1660.5,137,24.12
2016-07-05T00:50:31Z,30.2982950,-97.7410830,167.6,1666.7,137,24.12
2016-07-05T00:50:32Z,30.2982390,-97.7411190,167.6,1673.8,137,24.12
2016-07-05T00:50:33Z,30.2981850,-97.7411500,167.6,1680.5,137,24.12
2016-07-05T00:50:34Z,30.2981340,-97.7411800,167.4,1686.9,136,24.12
2016-07-05T00:50:35Z,30.2980850,-97.7412130,167.4,1693.2,135,23.400000000000002
2016-07-05T00:50:36Z,30.2980310,-97.7412490,167.4,1700.0,134,24.12
2016-07-05T00:50:37Z,30.2979750,-97.7412850,167.4,1707.2,133,24.12
2016-07-05T00:50:38Z,30.2979220,-97.7413160,167.4,1713.8,132,24.12
2016-07-05T00:50:39Z,30.2978670,-97.7413490,167.2,1720.6,130,24.12
2016-07-05T00:50:40Z,30.2978180,-97.7413830,167.2,1727.0,130,24.48
2016-07-05T00:50:41Z,30.2977670,-97.7414150,167.0,1733.4,129,24.12
2016-07-05T00:50:42Z,30.2977070,-97.7414570,167.0,1741.2,128,24.48
2016-07-05T00:50:43Z,30.2976510,-97.7414890,166.8,1748.1,128,24.840000000000003
2016-07-05T00:50:44Z,30.2975980,-97.7415210,166.4,1754.8,127,24.48
2016-07-05T00:50:45Z,30.2975440,-97.7415540,166.2,1761.5,127,24.840000000000003
2016-07-05T00:50:46Z,30.2975020,-97.7415800,166.0,1766.8,127,24.12
2016-07-05T00:50:47Z,30.2974380,-97.7416200,165.6,1774.8,127,24.12
2016-07-05T00:50:48Z,30.2973840,-97.7416550,165.4,1781.7,126,24.12
2016-07-05T00:50:49Z,30.2973340,-97.7416880,165.0,1788.1,126,24.12
2016-07-05T00:50:50Z,30.2972850,-97.7417180,164.6,1794.3,125,23.759999999999998
2016-07-05T00:50:51Z,30.2972380,-97.7417480,164.4,1800.2,124,24.12
2016-07-05T00:50:52Z,30.2971900,-97.7417770,164.0,1806.3,123,22.68
2016-07-05T00:50:53Z,30.2971470,-97.7418020,163.8,1811.5,122,21.6
2016-07-05T00:50:54Z,30.2971010,-97.7418290,163.8,1817.3,121,20.88
2016-07-05T00:50:55Z,30.2970610,-97.7418530,163.8,1822.3,120,20.16
2016-07-05T00:50:56Z,30.2970200,-97.7418750,163.8,1827.3,120,19.44
2016-07-05T00:50:57Z,30.2969800,-97.7419000,163.8,1832.3,120,18.720000000000002
2016-07-05T00:50:58Z,30.2969450,-97.7419210,164.2,1836.7,119,18.0
2016-07-05T00:50:59Z,30.2969110,-97.7419410,164.2,1840.9,117,16.92
2016-07-05T00:51:00Z,30.2968780,-97.7419590,164.4,1845.0,116,16.2
2016-07-05T00:51:01Z,30.2968510,-97.7419740,164.4,1848.4,116,15.120000000000001
2016-07-05T00:51:02Z,30.2968200,-97.7419940,164.4,1852.3,114,14.4
2016-07-05T00:51:03Z,30.2967990,-97.7420090,164.4,1855.0,114,13.32
2016-07-05T00:51:04Z,30.2967840,-97.7420200,164.4,1856.9,113,11.520000000000001
2016-07-05T00:51:05Z,30.2967710,-97.7420270,164.6,1858.6,112,9.72
2016-07-05T00:51:06Z,30.2967630,-97.7420310,164.6,1859.5,113,7.920000000000001
2016-07-05T00:51:07Z,30.2967660,-97.7420300,164.6,1859.5,113,5.04
2016-07-05T00:51:33Z,30.2967510,-97.7420560,164.6,1859.5,109,0.0
2016-07-05T00:51:34Z,30.2967400,-97.7420630,164.6,1860.9,109,0.36000000000000004
2016-07-05T00:51:35Z,30.2967280,-97.7420710,164.6,1862.4,110,0.36000000000000004
2016-07-05T00:51:36Z,30.2966950,-97.7420910,164.6,1866.6,110,0.7200000000000001
2016-07-05T00:51:37Z,30.2966660,-97.7421080,164.6,1870.2,110,1.4400000000000002
2016-07-05T00:51:38Z,30.2966320,-97.7421290,164.6,1874.5,111,1.4400000000000002
2016-07-05T00:51:39Z,30.2965980,-97.7421530,165.0,1878.9,112,12.96
2016-07-05T00:51:40Z,30.2965650,-97.7421750,165.0,1883.1,113,14.76
2016-07-05T00:51:41Z,30.2965310,-97.7421960,164.8,1887.4,113,15.120000000000001
2016-07-05T00:51:42Z,30.2964870,-97.7422240,164.8,1893.0,114,16.56
2016-07-05T00:51:43Z,30.2964470,-97.7422490,164.6,1898.1,115,16.92
2016-07-05T00:51:44Z,30.2964050,-97.7422750,164.8,1903.3,115,17.64
2016-07-05T00:51:45Z,30.2963640,-97.7423000,164.8,1908.4,116,18.36
2016-07-05T00:51:46Z,30.2963250,-97.7423240,164.8,1913.4,117,18.720000000000002
2016-07-05T00:51:47Z,30.2962780,-97.7423530,165.0,1919.3,118,19.08
2016-07-05T00:51:48Z,30.2962340,-97.7423790,165.0,1924.8,120,19.08
2016-07-05T00:51:49Z,30.2961910,-97.7424070,165.0,1930.2,120,19.44
2016-07-05T00:51:50Z,30.2961480,-97.7424350,165.0,1935.7,122,19.8
2016-07-05T00:51:51Z,30.2961070,-97.7424610,165.0,1940.9,122,19.8
2016-07-05T00:51:52Z,30.2960620,-97.7424880,164.8,1946.5,123,19.44
2016-07-05T00:51:53Z,30.2960330,-97.7425040,164.8,1950.1,124,18.36
2016-07-05T00:51:54Z,30.2959730,-97.7425420,164.8,1957.7,125,19.8
2016-07-05T00:51:55Z,30.2959320,-97.7425670,164.8,1962.8,125,19.44
2016-07-05T00:51:56Z,30.2958910,-97.7425940,165.0,1968.1,126,19.44
2016-07-05T00:51:57Z,30.2958450,-97.7426230,164.8,1973.8,127,19.8
2016-07-05T00:51:58Z,30.2958040,-97.7426480,165.2,1979.0,128,20.88
2016-07-05T00:51:59Z,30.2957610,-97.7426750,165.4,1984.4,128,19.08
2016-07-05T00:52:00Z,30.2957170,-97.7427030,165.4,1990.0,128,19.44
2016-07-05T00:52:01Z,30.2956710,-97.7427310,165.2,1995.8,128,19.8
2016-07-05T00:52:02Z,30.2956230,-97.7427600,165.4,2001.8,128,20.16
2016-07-05T00:52:03Z,30.2955780,-97.7427870,165.2,2007.4,128,20.52
2016-07-05T00:52:04Z,30.2955390,-97.7428130,165.2,2012.4,128,20.16
2016-07-05T00:52:05Z,30.2954910,-97.7428420,165.2,2018.4,128,20.52
2016-07-05T00:52:06Z,30.2954450,-97.7428700,165.4,2024.1,128,20.52
2016-07-05T00:52:07Z,30.2953990,-97.7428950,165.4,2029.8,128,20.16
2016-07-05T00:52:08Z,30.2953550,-97.7429110,165.6,2034.9,128,19.8
2016-07-05T00:52:09Z,30.2953110,-97.7429200,165.6,2039.9,127,19.8
2016-07-05T00:52:10Z,30.2952700,-97.7429190,165.8,2044.4,127,18.720000000000002
2016-07-05T00:52:11Z,30.2952260,-97.7429120,165.8,2049.3,127,18.0
2016-07-05T00:52:12Z,30.2951790,-97.7428960,166.0,2054.8,126,18.0
2016-07-05T00:52:13Z,30.2951280,-97.7428760,165.8,2060.7,127,18.720000000000002
2016-07-05T00:52:14Z,30.2950800,-97.7428530,165.6,2066.5,127,19.08
2016-07-05T00:52:15Z,30.2950380,-97.7428290,165.2,2071.7,127,19.8
2016-07-05T00:52:16Z,30.2950010,-97.7428110,165.2,2076.1,127,19.44
2016-07-05T00:52:17Z,30.2949430,-97.7427800,165.2,2083.2,127,20.52
2016-07-05T00:52:18Z,30.2948930,-97.7427540,165.2,2089.3,127,20.52
2016-07-05T00:52:19Z,30.2948450,-97.7427270,165.2,2095.3,127,20.88
2016-07-05T00:52:20Z,30.2948000,-97.7426980,165.2,2101.0,127,21.240000000000002
2016-07-05T00:52:21Z,30.2947580,-97.7426650,165.2,2106.6,128,21.96
2016-07-05T00:52:22Z,30.2947090,-97.7426340,165.0,2112.8,128,21.240000000000002
2016-07-05T00:52:23Z,30.2946630,-97.7426060,165.0,2118.6,128,21.240000000000002
2016-07-05T00:52:24Z,30.2946110,-97.7425750,165.2,2125.1,129,21.6
2016-07-05T00:52:25Z,30.2945620,-97.7425460,165.2,2131.1,130,21.6
2016-07-05T00:52:26Z,30.2945140,-97.7425160,165.2,2137.2,130,21.96
2016-07-05T00:52:27Z,30.2944620,-97.7424810,165.4,2143.9,131,22.32
2016-07-05T00:52:28Z,30.2944160,-97.7424530,165.2,2149.7,132,22.32
2016-07-05T00:52:29Z,30.2943670,-97.7424220,165.2,2155.9,133,22.32
2016-07-05T00:52:30Z,30.2943150,-97.7423900,165.0,2162.4,134,22.68
2016-07-05T00:52:31Z,30.2942640,-97.7423590,165.0,2168.7,136,22.68
2016-07-05T00:52:32Z,30.2942100,-97.7423310,164.8,2175.4,137,22.68
2016-07-05T00:52:33Z,30.2941590,-97.7423040,165.0,2181.6,138,23.040000000000003
2016-07-05T00:52:34Z,30.2941090,-97.7422780,165.2,2187.6,139,22.68
2016-07-05T00:52:35Z,30.2940630,-97.7422560,165.0,2193.2,139,22.32
2016-07-05T00:52:36Z,30.2940080,-97.7422270,165.2,2199.9,139,22.32
2016-07-05T00:52:37Z,30.2939530,-97.7422010,165.4,2206.4,140,22.32
2016-07-05T00:52:38Z,30.2939010,-97.7421760,165.4,2212.7,141,22.32
2016-07-05T00:52:39Z,30.2938510,-97.7421520,165.0,2218.7,142,22.32
2016-07-05T00:52:40Z,30.2938030,-97.7421290,165.0,2224.4,142,22.32
2016-07-05T00:52:41Z,30.2937570,-97.7421060,165.0,2230.0,142,21.6
2016-07-05T00:52:42Z,30.2937000,-97.7420760,165.0,2236.9,143,21.96
2016-07-05T00:52:43Z,30.2936490,-97.7420490,165.0,2243.2,143,21.96
2016-07-05T00:52:44Z,30.2935980,-97.7420250,165.2,2249.3,143,21.96
2016-07-05T00:52:45Z,30.2935500,-97.7420000,165.4,2255.2,143,22.32
2016-07-05T00:52:46Z,30.2935020,-97.7419750,165.6,2261.0,143,22.32
2016-07-05T00:52:47Z,30.2934490,-97.7419460,165.6,2267.5,143,21.96
2016-07-05T00:52:48Z,30.2933970,-97.7419180,165.8,2273.9,143,21.96
2016-07-05T00:52:49Z,30.2933460,-97.7418890,165.6,2280.2,144,22.32
2016-07-05T00:52:50Z,30.2932950,-97.7418630,165.6,2286.3,144,22.32
2016-07-05T00:52:51Z,30.2932510,-97.7418400,165.6,2291.7,144,21.96
2016-07-05T00:52:52Z,30.2931990,-97.7418140,165.8,2298.0,145,21.96
2016-07-05T00:52:53Z,30.2931510,-97.7417870,165.8,2303.8,145,21.6
2016-07-05T00:52:54Z,30.2931040,-97.7417630,165.8,2309.6,146,21.240000000000002
2016-07-05T00:52:55Z,30.2930570,-97.7417420,166.0,2315.2,145,20.88
2016-07-05T00:52:56Z,30.2930140,-97.7417180,166.0,2320.4,145,20.52
2016-07-05T00:52:57Z,30.2929670,-97.7416900,166.2,2326.3,145,20.52
2016-07-05T00:52:58Z,30.2929260,-97.7416690,166.2,2331.3,145,19.8
2016-07-05T00:52:59Z,30.2928870,-97.7416500,166.4,2336.0,144,19.08
2016-07-05T00:53:00Z,30.2928380,-97.7416250,166.6,2341.9,144,19.08
2016-07-05T00:53:01Z,30.2927980,-97.7416060,166.8,2346.7,145,19.08
2016-07-05T00:53:02Z,30.2927530,-97.7415840,166.8,2352.1,145,18.720000000000002
2016-07-05T00:53:03Z,30.2927110,-97.7415600,166.8,2357.3,146,18.720000000000002
2016-07-05T00:53:04Z,30.2926720,-97.7415420,167.0,2362.1,147,18.720000000000002
2016-07-05T00:53:05Z,30.2926330,-97.7415220,167.0,2366.7,148,18.0
2016-07-05T00:53:06Z,30.2925920,-97.7415000,166.8,2371.8,149,18.0
2016-07-05T00:53:07Z,30.2925480,-97.7414770,166.8,2377.1,149,18.0
2016-07-05T00:53:08Z,30.2925070,-97.7414560,166.6,2382.1,150,18.0
2016-07-05T00:53:09Z,30.2924660,-97.7414350,166.8,2387.1,150,18.0
2016-07-05T00:53:10Z,30.2924290,-97.7414140,166.8,2391.6,151,18.0
2016-07-05T00:53:11Z,30.2923910,-97.7413960,167.2,2396.2,151,17.64
2016-07-05T00:53:12Z,30.2923460,-97.7413740,167.6,2401.6,151,17.64
2016-07-05T00:53:13Z,30.2923070,-97.7413550,167.8,2406.3,151,17.28
2016-07-05T00:53:14Z,30.2922700,-97.7413370,168.0,2410.7,151,16.92
2016-07-05T00:53:15Z,30.2922310,-97.7413210,168.4,2415.4,151,17.28
2016-07-05T00:53:16Z,30.2921920,-97.7413060,168.6,2419.9,151,16.92
2016-07-05T00:53:17Z,30.2921490,-97.7412950,168.6,2424.8,151,16.56
2016-07-05T00:53:18Z,30.2921050,-97.7412840,168.6,2429.8,151,16.92
2016-07-05T00:53:19Z,30.2920630,-97.7412780,168.8,2434.5,152,17.28
2016-07-05T00:53:20Z,30.2920230,-97.7412760,168.8,2438.9,152,16.92
2016-07-05T00:53:21Z,30.2919810,-97.7412740,168.8,2443.5,152,16.92
2016-07-05T00:53:22Z,30.2919390,-97.7412730,168.8,2448.2,152,16.92
2016-07-05T00:53:23Z,30.2918980,-97.7412740,169.0,2452.8,152,16.56
2016-07-05T00:53:24Z,30.2918560,-97.7412760,169.0,2457.4,152,16.56
2016-07-05T00:53:25Z,30.2918130,-97.7412790,169.0,2462.2,152,16.92
2016-07-05T00:53:26Z,30.2917720,-97.7412820,169.0,2466.7,152,16.56
2016-07-05T00:53:27Z,30.2917250,-97.7412860,169.0,2471.9,152,16.92
2016-07-05T00:53:28Z,30.2916810,-97.7412890,169.0,2476.9,152,17.28
2016-07-05T00:53:29Z,30.2916400,-97.7412920,169.2,2481.4,152,17.28
2016-07-05T00:53:30Z,30.2916010,-97.7412960,169.0,2485.7,152,16.92
2016-07-05T00:53:31Z,30.2915570,-97.7413000,169.2,2490.6,152,17.28
2016-07-05T00:53:32Z,30.2915150,-97.7413040,169.0,2495.3,151,16.92
2016-07-05T00:53:33Z,30.2914770,-97.7413070,169.0,2499.6,151,16.2
2016-07-05T00:53:34Z,30.2914410,-97.7413120,168.6,2503.5,150,15.840000000000002
2016-07-05T00:53:35Z,30.2914050,-97.7413170,168.6,2507.6,150,15.840000000000002
2016-07-05T00:53:36Z,30.2913640,-97.7413220,168.6,2512.2,149,15.48
2016-07-05T00:53:37Z,30.2913190,-97.7413270,169.0,2517.2,149,15.840000000000002
2016-07-05T00:53:38Z,30.2912760,-97.7413320,169.2,2522.0,149,16.2
2016-07-05T00:53:39Z,30.2912320,-97.7413350,169.4,2526.9,148,16.92
2016-07-05T00:53:40Z,30.2911910,-97.7413390,169.4,2531.3,148,16.92
2016-07-05T00:53:41Z,30.2911560,-97.7413420,169.4,2535.2,147,16.56
2016-07-05T00:53:42Z,30.2911170,-97.7413460,169.4,2539.6,146,16.2
2016-07-05T00:53:43Z,30.2910880,-97.7413490,169.0,2542.8,145,15.120000000000001
2016-07-05T00:53:44Z,30.2910590,-97.7413500,168.8,2546.1,144,13.68
2016-07-05T00:53:45Z,30.2910330,-97.7413500,169.0,2548.9,143,12.6
2016-07-05T00:53:46Z,30.2910140,-97.7413510,168.8,2551.0,142,11.520000000000001
2016-07-05T00:53:47Z,30.2909890,-97.7413550,168.8,2553.8,141,10.08
2016-07-05T00:53:48Z,30.2909670,-97.7413560,168.8,2556.3,140,9.72
2016-07-05T00:53:49Z,30.2909450,-97.7413570,168.8,2558.7,139,9.0
2016-07-05T00:53:50Z,30.2909260,-97.7413590,168.6,2560.8,138,8.64
2016-07-05T00:53:51Z,30.2909060,-97.7413620,168.6,2563.1,137,8.64
2016-07-05T00:53:52Z,30.2908850,-97.7413660,168.4,2565.5,137,8.28
2016-07-05T00:53:53Z,30.2908630,-97.7413710,168.4,2567.9,136,8.28
2016-07-05T00:53:54Z,30.2908380,-97.7413730,168.4,2570.7,134,8.64
2016-07-05T00:53:55Z,30.2908150,-97.7413790,168.2,2573.3,133,9.0
2016-07-05T00:53:56Z,30.2907960,-97.7413850,168.2,2575.4,132,9.0
2016-07-05T00:53:57Z,30.2907820,-97.7413900,168.2,2577.2,132,8.28
2016-07-05T00:53:58Z,30.2907800,-97.7413900,168.0,2577.4,133,6.84
2016-07-05T00:53:59Z,30.2907820,-97.7413890,168.0,2577.4,133,4.680000000000001
2016-07-05T00:54:29Z,30.2907580,-97.7413880,170.0,2577.4,134,0.0
2016-07-05T00:54:30Z,30.2907530,-97.7414000,170.0,2578.6,132,0.0
2016-07-05T00:54:31Z,30.2907520,-97.7414080,170.0,2579.4,131,0.36000000000000004
2016-07-05T00:54:32Z,30.2907530,-97.7414050,169.8,2579.4,131,0.36000000000000004
2016-07-05T00:54:40Z,30.2907490,-97.7414530,169.0,2579.4,127,0.0
2016-07-05T00:54:41Z,30.2907370,-97.7414660,169.0,2581.3,124,0.7200000000000001
2016-07-05T00:54:42Z,30.2907100,-97.7414780,169.2,2584.5,122,1.8
2016-07-05T00:54:43Z,30.2906850,-97.7414990,169.0,2587.9,120,2.8800000000000003
2016-07-05T00:54:44Z,30.2906600,-97.7415040,169.2,2590.7,119,3.24
2016-07-05T00:54:45Z,30.2906280,-97.7415010,169.0,2594.2,119,3.24
2016-07-05T00:54:46Z,30.2906000,-97.7414910,169.0,2597.5,119,11.520000000000001
2016-07-05T00:54:47Z,30.2905730,-97.7414750,169.2,2600.8,121,11.879999999999999
2016-07-05T00:54:48Z,30.2905470,-97.7414590,169.6,2604.1,122,11.520000000000001
2016-07-05T00:54:49Z,30.2905160,-97.7414560,169.8,2607.5,124,12.24
2016-07-05T00:54:50Z,30.2904880,-97.7414580,169.8,2610.7,125,11.879999999999999
2016-07-05T00:54:51Z,30.2904580,-97.7414640,170.0,2614.0,125,11.879999999999999
2016-07-05T00:54:52Z,30.2904280,-97.7414660,170.0,2617.4,126,11.879999999999999
2016-07-05T00:54:53Z,30.2904030,-97.7414640,170.0,2620.2,126,11.520000000000001
2016-07-05T00:54:54Z,30.2903750,-97.7414550,169.4,2623.4,127,11.520000000000001
2016-07-05T00:54:55Z,30.2903440,-97.7414450,169.0,2626.9,128,11.520000000000001
2016-07-05T00:54:56Z,30.2903080,-97.7414420,168.8,2631.0,128,12.24
2016-07-05T00:54:57Z,30.2902590,-97.7414440,169.0,2636.4,129,13.68
2016-07-05T00:54:58Z,30.2902120,-97.7414470,169.0,2641.6,130,15.48
2016-07-05T00:54:59Z,30.2901620,-97.7414510,169.2,2647.2,130,17.28
2016-07-05T00:55:00Z,30.2901100,-97.7414530,169.2,2653.0,131,18.720000000000002
2016-07-05T00:55:01Z,30.2900550,-97.7414580,169.4,2659.0,132,20.16
2016-07-05T00:55:02Z,30.2899950,-97.7414610,169.4,2665.7,133,21.240000000000002
2016-07-05T00:55:03Z,30.2899330,-97.7414620,169.6,2672.6,133,22.32
2016-07-05T00:55:04Z,30.2898790,-97.7414660,169.8,2678.6,134,22.68
2016-07-05T00:55:05Z,30.2898180,-97.7414720,170.6,2685.4,134,23.400000000000002
2016-07-05T00:55:06Z,30.2897580,-97.7414750,170.8,2692.1,135,23.759999999999998
2016-07-05T00:55:07Z,30.2896960,-97.7414750,171.0,2698.9,135,23.759999999999998
2016-07-05T00:55:08Z,30.2896390,-97.7414780,171.4,2705.2,135,23.400000000000002
2016-07-05T00:55:09Z,30.2895850,-97.7414810,171.4,2711.2,135,23.400000000000002
2016-07-05T00:55:10Z,30.2895310,-97.7414840,171.4,2717.2,135,23.040000000000003
2016-07-05T00:55:11Z,30.2894720,-97.7414880,171.6,2723.7,135,22.68
2016-07-05T00:55:12Z,30.2894050,-97.7414900,171.6,2731.2,135,23.400000000000002
2016-07-05T00:55:13Z,30.2893440,-97.7414930,171.6,2737.9,135,23.400000000000002
2016-07-05T00:55:14Z,30.2892850,-97.7414970,172.8,2744.5,135,24.12
2016-07-05T00:55:15Z,30.2892260,-97.7415010,172.8,2751.1,135,24.48
2016-07-05T00:55:16Z,30.2891790,-97.7415040,173.6,2756.3,135,23.400000000000002
2016-07-05T00:55:17Z,30.2891060,-97.7415110,173.6,2764.4,135,23.759999999999998
2016-07-05T00:55:18Z,30.2890440,-97.7415170,173.2,2771.3,136,24.12
2016-07-05T00:55:19Z,30.2889810,-97.7415190,172.8,2778.2,136,24.12
2016-07-05T00:55:20Z,30.2889230,-97.7415290,172.6,2784.8,135,24.12
2016-07-05T00:55:21Z,30.2888680,-97.7415410,172.4,2791.0,136,24.840000000000003
2016-07-05T00:55:22Z,30.2888060,-97.7415500,172.2,2797.9,136,24.12
2016-07-05T00:55:23Z,30.2887440,-97.7415570,172.2,2804.8,135,24.12
2016-07-05T00:55:24Z,30.2886790,-97.7415670,172.4,2812.0,135,24.48
2016-07-05T00:55:25Z,30.2886180,-97.7415750,172.4,2818.8,135,24.48
2016-07-05T00:55:26Z,30.2885630,-97.7415820,172.4,2824.9,135,24.48
2016-07-05T00:55:27Z,30.2885020,-97.7415880,172.4,2831.8,135,24.48
2016-07-05T00:55:28Z,30.2884460,-97.7415930,172.2,2838.0,134,23.759999999999998
2016-07-05T00:55:29Z,30.2883870,-97.7415970,171.6,2844.5,133,23.400000000000002
2016-07-05T00:55:30Z,30.2883330,-97.7416040,171.2,2850.6,132,23.040000000000003
2016-07-05T00:55:31Z,30.2882810,-97.7416120,170.6,2856.4,132,22.68
2016-07-05T00:55:32Z,30.2882300,-97.7416190,170.0,2862.1,130,21.96
2016-07-05T00:55:33Z,30.2881870,-97.7416260,169.4,2866.9,130,20.88
2016-07-05T00:55:34Z,30.2881500,-97.7416300,169.2,2871.1,129,19.08
2016-07-05T00:55:35Z,30.2881150,-97.7416330,169.4,2874.8,128,17.28
2016-07-05T00:55:36Z,30.2880850,-97.7416350,169.2,2878.2,127,15.840000000000002
2016-07-05T00:55:37Z,30.2880590,-97.7416380,169.2,2881.1,126,13.68
2016-07-05T00:55:38Z,30.2880340,-97.7416420,169.4,2884.0,126,12.24
2016-07-05T00:55:39Z,30.2880090,-97.7416450,169.4,2886.7,125,11.16
2016-07-05T00:55:40Z,30.2879860,-97.7416450,169.2,2889.3,125,10.44
2016-07-05T00:55:41Z,30.2879650,-97.7416440,169.2,2891.5,125,9.72
2016-07-05T00:55:42Z,30.2879420,-97.7416470,169.4,2894.2,125,9.360000000000001
2016-07-05T00:55:43Z,30.2879220,-97.7416480,169.2,2896.4,124,9.0
2016-07-05T00:55:44Z,30.2878990,-97.7416510,169.0,2898.9,124,8.64
2016-07-05T00:55:45Z,30.2878820,-97.7416520,168.8,2900.8,123,8.28
2016-07-05T00:55:46Z,30.2878670,-97.7416500,168.8,2902.4,123,7.920000000000001
2016-07-05T00:55:47Z,30.2878490,-97.7416470,168.4,2904.5,122,7.5600000000000005
2016-07-05T00:55:48Z,30.2878320,-97.7416480,168.0,2906.4,122,7.2
2016-07-05T00:55:49Z,30.2878160,-97.7416500,167.8,2908.2,122,6.84
2016-07-05T00:55:50Z,30.2878040,-97.7416490,167.6,2909.5,122,6.12
2016-07-05T00:55:51Z,30.2877960,-97.7416490,167.4,2910.4,122,5.760000000000001
2016-07-05T00:55:52Z,30.2878010,-97.7416490,167.2,2910.4,122,4.32
2016-07-05T00:56:13Z,30.2877800,-97.7416350,163.8,2910.4,116,0.0
2016-07-05T00:56:14Z,30.2877530,-97.7416420,163.8,2913.4,115,0.36000000000000004
2016-07-05T00:56:15Z,30.2877180,-97.7416460,163.8,2917.2,114,1.08
2016-07-05T00:56:16Z,30.2876820,-97.7416490,164.0,2921.3,114,1.8
2016-07-05T00:56:17Z,30.2876340,-97.7416510,164.0,2926.6,113,2.16
2016-07-05T00:56:18Z,30.2875840,-97.7416550,164.0,2932.1,113,2.16
2016-07-05T00:56:19Z,30.2875380,-97.7416640,164.0,2937.4,113,2.16
2016-07-05T00:56:20Z,30.2874910,-97.7416640,164.0,2942.5,113,18.36
2016-07-05T00:56:21Z,30.2874440,-97.7416650,163.8,2947.8,113,19.08
2016-07-05T00:56:22Z,30.2874000,-97.7416630,163.6,2952.6,113,18.720000000000002
2016-07-05T00:56:23Z,30.2873500,-97.7416670,163.4,2958.2,114,18.720000000000002
2016-07-05T00:56:24Z,30.2872980,-97.7416730,163.0,2963.9,116,19.08
2016-07-05T00:56:25Z,30.2872480,-97.7416790,163.0,2969.5,117,19.44
2016-07-05T00:56:26Z,30.2872000,-97.7416830,163.0,2974.8,118,19.44
2016-07-05T00:56:27Z,30.2871450,-97.7416880,163.2,2981.0,118,20.52
2016-07-05T00:56:28Z,30.2870940,-97.7416940,163.0,2986.6,119,20.52
2016-07-05T00:56:29Z,30.2870380,-97.7416970,163.0,2992.8,119,20.88
2016-07-05T00:56:30Z,30.2869880,-97.7417060,162.8,2998.5,119,20.88
2016-07-05T00:56:31Z,30.2869350,-97.7417120,162.8,3004.3,119,21.240000000000002
2016-07-05T00:56:32Z,30.2868820,-97.7417170,162.8,3010.3,119,21.240000000000002
2016-07-05T00:56:33Z,30.2868290,-97.7417190,163.0,3016.2,120,21.240000000000002
2016-07-05T00:56:34Z,30.2867810,-97.7417230,163.0,3021.5,120,20.52
2016-07-05T00:56:35Z,30.2867280,-97.7417280,162.8,3027.4,121,20.88
2016-07-05T00:56:36Z,30.2866760,-97.7417320,162.8,3033.2,121,20.88
2016-07-05T00:56:37Z,30.2866190,-97.7417380,162.4,3039.5,122,20.88
2016-07-05T00:56:38Z,30.2865720,-97.7417430,162.4,3044.7,122,20.52
2016-07-05T00:56:39Z,30.2865140,-97.7417470,162.0,3051.2,123,21.240000000000002
2016-07-05T00:56:40Z,30.2864660,-97.7417500,162.0,3056.5,123,20.88
2016-07-05T00:56:41Z,30.2864170,-97.7417560,162.0,3061.9,122,20.52
2016-07-05T00:56:42Z,30.2863670,-97.7417640,162.0,3067.6,122,20.16
2016-07-05T00:56:43Z,30.2863220,-97.7417700,161.8,3072.6,122,20.16
2016-07-05T00:56:44Z,30.2862740,-97.7417730,161.8,3077.9,121,19.08
2016-07-05T00:56:45Z,30.2862260,-97.7417780,161.8,3083.2,121,19.08
2016-07-05T00:56:46Z,30.2861840,-97.7417800,161.8,3088.0,120,18.720000000000002
2016-07-05T00:56:47Z,30.2861330,-97.7417850,162.0,3093.6,121,18.720000000000002
2016-07-05T00:56:48Z,30.2860850,-97.7417890,162.0,3099.0,121,19.08
2016-07-05T00:56:49Z,30.2860390,-97.7417910,161.8,3104.0,121,18.720000000000002
2016-07-05T00:56:50Z,30.2859930,-97.7417950,161.6,3109.1,121,18.720000000000002
2016-07-05T00:56:51Z,30.2859490,-97.7418030,161.6,3114.0,120,18.720000000000002
2016-07-05T00:56:52Z,30.2858990,-97.7418080,161.6,3119.6,119,18.720000000000002
2016-07-05T00:56:53Z,30.2858470,-97.7418110,161.6,3125.4,118,19.08
2016-07-05T00:56:54Z,30.2857940,-97.7418180,161.8,3131.3,118,19.8
2016-07-05T00:56:55Z,30.2857420,-97.7418220,161.8,3137.1,117,20.16
2016-07-05T00:56:56Z,30.2856880,-97.7418280,161.8,3143.1,117,20.88
2016-07-05T00:56:57Z,30.2856290,-97.7418340,161.6,3149.7,118,21.6
2016-07-05T00:56:58Z,30.2855740,-97.7418390,161.6,3155.8,118,21.96
2016-07-05T00:56:59Z,30.2855220,-97.7418430,161.4,3161.6,119,21.96
2016-07-05T00:57:00Z,30.2854560,-97.7418500,161.6,3169.0,120,23.040000000000003
2016-07-05T00:57:01Z,30.2854020,-97.7418550,161.6,3174.9,120,23.040000000000003
2016-07-05T00:57:02Z,30.2853350,-97.7418600,161.6,3182.3,121,23.400000000000002
2016-07-05T00:57:03Z,30.2852750,-97.7418640,161.6,3189.0,121,23.759999999999998
2016-07-05T00:57:04Z,30.2852170,-97.7418700,161.6,3195.5,122,24.48
2016-07-05T00:57:05Z,30.2851570,-97.7418760,161.6,3202.1,122,23.759999999999998
2016-07-05T00:57:06Z,30.2850950,-97.7418810,161.6,3209.1,122,24.48
2016-07-05T00:57:07Z,30.2850340,-97.7418860,161.6,3215.9,122,24.12
2016-07-05T00:57:08Z,30.2849800,-97.7418920,161.4,3221.9,121,23.759999999999998
2016-07-05T00:57:09Z,30.2849230,-97.7418970,161.2,3228.1,121,23.400000000000002
2016-07-05T00:57:10Z,30.2848700,-97.7418950,161.2,3234.0,120,23.040000000000003
2016-07-05T00:57:11Z,30.2848170,-97.7418990,161.2,3239.9,120,22.32
2016-07-05T00:57:12Z,30.2847580,-97.7419080,160.4,3246.5,120,21.96
2016-07-05T00:57:13Z,30.2847070,-97.7419140,160.4,3252.2,120,21.96
2016-07-05T00:57:14Z,30.2846550,-97.7419220,160.2,3258.0,120,21.6
2016-07-05T00:57:15Z,30.2846060,-97.7419270,159.8,3263.4,120,21.240000000000002
2016-07-05T00:57:16Z,30.2845520,-97.7419250,159.4,3269.4,119,21.240000000000002
2016-07-05T00:57:17Z,30.2845010,-97.7419340,159.4,3275.2,119,20.52
2016-07-05T00:57:18Z,30.2844430,-97.7419390,159.4,3281.5,118,21.240000000000002
2016-07-05T00:57:19Z,30.2843920,-97.7419540,159.4,3287.4,118,21.240000000000002
2016-07-05T00:57:20Z,30.2843470,-97.7419760,159.2,3292.9,118,21.240000000000002
2016-07-05T00:57:21Z,30.2843040,-97.7419880,159.4,3297.7,117,20.52
2016-07-05T00:57:22Z,30.2842550,-97.7419960,159.2,3303.2,117,20.16
2016-07-05T00:57:23Z,30.2841960,-97.7419930,159.2,3309.7,117,20.16
2016-07-05T00:57:24Z,30.2841460,-97.7419960,158.6,3315.3,116,20.16
2016-07-05T00:57:25Z,30.2840980,-97.7419890,158.6,3320.6,115,19.8
2016-07-05T00:57:26Z,30.2840440,-97.7419850,158.4,3326.6,115,20.88
2016-07-05T00:57:27Z,30.2839980,-97.7419910,158.2,3331.7,114,20.52
2016-07-05T00:57:28Z,30.2839630,-97.7419900,158.2,3335.7,113,18.720000000000002
2016-07-05T00:57:29Z,30.2839340,-97.7419880,158.4,3338.8,113,16.92
2016-07-05T00:57:30Z,30.2839100,-97.7419850,158.4,3341.4,113,15.120000000000001
2016-07-05T00:57:31Z,30.2838940,-97.7419830,158.4,3343.2,113,11.879999999999999
2016-07-05T00:57:32Z,30.2838780,-97.7419850,158.2,3345.0,112,9.72
2016-07-05T00:57:33Z,30.2838660,-97.7419840,158.2,3346.3,112,7.5600000000000005
2016-07-05T00:57:34Z,30.2838530,-97.7419820,158.0,3347.8,111,6.48
2016-07-05T00:57:35Z,30.2838410,-97.7419820,157.8,3349.0,111,5.4
2016-07-05T00:57:36Z,30.2838300,-97.7419810,157.8,3350.3,111,5.04
2016-07-05T00:57:37Z,30.2838260,-97.7419780,157.8,3350.8,112,4.32
2016-07-05T00:57:38Z,30.2838300,-97.7419780,157.8,3350.8,112,3.24
2016-07-05T00:58:04Z,30.2837650,-97.7419700,157.4,3350.8,109,0.0
2016-07-05T00:58:05Z,30.2837470,-97.7419710,157.4,3352.8,110,0.36000000000000004
2016-07-05T00:58:06Z,30.2837130,-97.7419770,157.4,3356.5,111,0.7200000000000001
2016-07-05T00:58:07Z,30.2836830,-97.7419790,157.4,3359.9,111,1.08
2016-07-05T00:58:08Z,30.2836500,-97.7419880,157.2,3363.6,111,1.4400000000000002
2016-07-05T00:58:09Z,30.2836100,-97.7420020,157.2,3368.3,111,1.4400000000000002
2016-07-05T00:58:10Z,30.2835640,-97.7420120,157.2,3373.4,111,14.76
2016-07-05T00:58:11Z,30.2835160,-97.7420170,157.2,3378.8,112,16.2
2016-07-05T00:58:12Z,30.2834580,-97.7420180,157.4,3385.3,113,18.36
2016-07-05T00:58:13Z,30.2834030,-97.7420170,157.0,3391.3,114,19.8
2016-07-05T00:58:14Z,30.2833490,-97.7420130,156.8,3397.3,115,20.88
2016-07-05T00:58:15Z,30.2832940,-97.7420090,156.6,3403.4,116,21.6
2016-07-05T00:58:16Z,30.2832500,-97.7420110,156.2,3408.3,117,21.240000000000002
2016-07-05T00:58:17Z,30.2831820,-97.7420190,155.8,3415.8,117,21.96
2016-07-05T00:58:18Z,30.2831240,-97.7420250,155.6,3422.4,117,22.32
2016-07-05T00:58:19Z,30.2830680,-97.7420290,155.6,3428.5,117,22.32
2016-07-05T00:58:20Z,30.2830120,-97.7420310,155.6,3434.8,118,22.68
2016-07-05T00:58:21Z,30.2829580,-97.7420340,155.6,3440.7,117,23.400000000000002
2016-07-05T00:58:22Z,30.2829040,-97.7420410,155.6,3446.8,117,22.32
2016-07-05T00:58:23Z,30.2828490,-97.7420450,155.8,3452.9,117,21.96
2016-07-05T00:58:24Z,30.2827940,-97.7420540,155.6,3459.0,116,21.96
2016-07-05T00:58:25Z,30.2827420,-97.7420620,155.4,3464.9,116,21.6
2016-07-05T00:58:26Z,30.2826900,-97.7420660,155.4,3470.6,116,21.6
2016-07-05T00:58:27Z,30.2826330,-97.7420720,155.4,3477.0,116,21.6
2016-07-05T00:58:28Z,30.2825800,-97.7420790,155.4,3482.9,116,21.6
2016-07-05T00:58:29Z,30.2825270,-97.7420850,155.4,3488.8,115,21.6
2016-07-05T00:58:30Z,30.2824690,-97.7420930,155.2,3495.2,114,21.96
2016-07-05T00:58:31Z,30.2824180,-97.7421000,155.0,3501.0,113,21.96
2016-07-05T00:58:32Z,30.2823590,-97.7421050,155.0,3507.4,112,21.96
2016-07-05T00:58:33Z,30.2823040,-97.7421080,154.8,3513.6,112,21.96
2016-07-05T00:58:34Z,30.2822530,-97.7421110,154.8,3519.2,112,21.96
2016-07-05T00:58:35Z,30.2822020,-97.7421100,154.8,3524.9,112,21.240000000000002
2016-07-05T00:58:36Z,30.2821520,-97.7421080,154.8,3530.5,111,21.240000000000002
2016-07-05T00:58:37Z,30.2821080,-97.7421080,154.8,3535.4,110,20.16
2016-07-05T00:58:38Z,30.2820730,-97.7421070,154.8,3539.2,108,18.36
2016-07-05T00:58:39Z,30.2820430,-97.7421030,154.6,3542.6,108,16.92
2016-07-05T00:58:40Z,30.2820210,-97.7421010,154.6,3545.1,107,14.4
2016-07-05T00:58:41Z,30.2820040,-97.7421020,154.6,3546.9,107,11.879999999999999
2016-07-05T00:58:42Z,30.2819890,-97.7421000,154.6,3548.6,107,9.360000000000001
2016-07-05T00:58:43Z,30.2819750,-97.7420980,154.4,3550.1,107,7.920000000000001
2016-07-05T00:58:44Z,30.2819610,-97.7420960,154.4,3551.7,107,6.48
2016-07-05T00:58:45Z,30.2819470,-97.7420920,154.4,3553.3,106,5.760000000000001
2016-07-05T00:58:46Z,30.2819360,-97.7420880,154.4,3554.6,105,5.4
2016-07-05T00:58:47Z,30.2819210,-97.7420850,154.6,3556.3,105,5.4
2016-07-05T00:58:48Z,30.2819090,-97.7420840,154.4,3557.6,105,5.4
2016-07-05T00:58:49Z,30.2818950,-97.7420770,154.4,3559.3,106,5.4
2016-07-05T00:58:50Z,30.2818810,-97.7420740,154.4,3560.8,107,5.4
2016-07-05T00:58:51Z,30.2818690,-97.7420700,154.4,3562.2,107,5.4
2016-07-05T00:58:52Z,30.2818560,-97.7420680,154.2,3563.7,108,5.4
2016-07-05T00:58:53Z,30.2818470,-97.7420630,154.2,3564.8,108,5.04
2016-07-05T00:58:54Z,30.2818450,-97.7420610,154.2,3565.0,109,3.9600000000000004
2016-07-05T00:58:55Z,30.2818490,-97.7420630,154.2,3565.0,109,2.8800000000000003
2016-07-05T00:59:24Z,30.2818410,-97.7420750,154.2,3565.0,106,0.0
2016-07-05T00:59:25Z,30.2818250,-97.7420660,154.2,3566.9,106,0.36000000000000004
2016-07-05T00:59:26Z,30.2817960,-97.7420500,154.2,3570.5,107,0.7200000000000001
2016-07-05T00:59:27Z,30.2817650,-97.7420340,154.2,3574.3,108,1.08
2016-07-05T00:59:28Z,30.2817350,-97.7420160,154.0,3578.0,108,1.4400000000000002
2016-07-05T00:59:29Z,30.2816980,-97.7420010,154.2,3582.4,109,1.4400000000000002
2016-07-05T00:59:30Z,30.2816620,-97.7419830,154.2,3586.7,110,14.4
2016-07-05T00:59:31Z,30.2816260,-97.7419610,154.2,3591.3,112,15.120000000000001
2016-07-05T00:59:32Z,30.2815850,-97.7419340,154.0,3596.4,114,15.840000000000002
2016-07-05T00:59:33Z,30.2815490,-97.7419140,154.2,3600.9,116,16.56
2016-07-05T00:59:34Z,30.2815120,-97.7418950,154.2,3605.4,119,16.56
2016-07-05T00:59:35Z,30.2814720,-97.7418790,154.2,3610.1,120,16.92
2016-07-05T00:59:36Z,30.2814300,-97.7418660,154.2,3614.9,122,16.92
2016-07-05T00:59:37Z,30.2813860,-97.7418540,154.2,3620.0,123,16.92
2016-07-05T00:59:38Z,30.2813470,-97.7418420,154.2,3624.4,124,16.92
2016-07-05T00:59:39Z,30.2813000,-97.7418330,154.4,3629.7,125,17.64
2016-07-05T00:59:40Z,30.2812570,-97.7418350,154.4,3634.5,125,17.64
2016-07-05T00:59:41Z,30.2812090,-97.7418380,154.6,3639.7,125,18.0
2016-07-05T00:59:42Z,30.2811520,-97.7418450,154.6,3646.1,126,18.720000000000002
2016-07-05T00:59:43Z,30.2811010,-97.7418570,154.6,3651.9,126,19.8
2016-07-05T00:59:44Z,30.2810520,-97.7418710,154.6,3657.5,126,20.16
2016-07-05T00:59:45Z,30.2809980,-97.7418890,154.6,3663.7,127,20.88
2016-07-05T00:59:46Z,30.2809560,-97.7419040,154.8,3668.6,127,20.88
2016-07-05T00:59:47Z,30.2808910,-97.7419290,154.8,3676.2,127,21.6
2016-07-05T00:59:48Z,30.2808310,-97.7419510,154.6,3683.1,128,22.32
2016-07-05T00:59:49Z,30.2807750,-97.7419710,154.4,3689.7,127,23.040000000000003
2016-07-05T00:59:50Z,30.2807230,-97.7419890,154.2,3695.7,127,23.040000000000003
2016-07-05T00:59:51Z,30.2806670,-97.7420110,153.8,3702.2,127,24.12
2016-07-05T00:59:52Z,30.2806120,-97.7420330,153.4,3708.6,126,23.400000000000002
2016-07-05T00:59:53Z,30.2805550,-97.7420480,153.6,3715.2,125,23.040000000000003
2016-07-05T00:59:54Z,30.2804970,-97.7420720,153.6,3722.0,124,23.400000000000002
2016-07-05T00:59:55Z,30.2804330,-97.7420950,153.4,3729.4,123,24.12
2016-07-05T00:59:56Z,30.2803820,-97.7421150,153.2,3735.4,122,23.759999999999998
2016-07-05T00:59:57Z,30.2803180,-97.7421380,153.2,3742.9,122,24.840000000000003
2016-07-05T00:59:58Z,30.2802640,-97.7421590,152.8,3749.1,121,24.48
2016-07-05T00:59:59Z,30.2802050,-97.7421830,152.6,3756.1,121,24.48
2016-07-05T01:00:00Z,30.2801400,-97.7422090,152.8,3763.8,120,24.840000000000003
2016-07-05T01:00:01Z,30.2800890,-97.7422300,152.8,3769.8,120,24.840000000000003
2016-07-05T01:00:02Z,30.2800180,-97.7422580,152.8,3778.0,118,25.2
2016-07-05T01:00:03Z,30.2799510,-97.7422820,152.8,3785.8,118,26.28
2016-07-05T01:00:04Z,30.2798930,-97.7423040,152.8,3792.6,117,26.28
2016-07-05T01:00:05Z,30.2798340,-97.7423300,152.8,3799.6,117,25.92
2016-07-05T01:00:06Z,30.2797710,-97.7423550,152.8,3806.9,116,26.64
2016-07-05T01:00:07Z,30.2797070,-97.7423840,152.2,3814.6,116,26.28
2016-07-05T01:00:08Z,30.2796500,-97.7424080,152.0,3821.4,115,25.56
2016-07-05T01:00:09Z,30.2795990,-97.7424280,151.6,3827.2,114,24.840000000000003
2016-07-05T01:00:10Z,30.2795440,-97.7424490,151.4,3833.6,112,24.48
2016-07-05T01:00:11Z,30.2794890,-97.7424710,151.4,3840.1,111,23.759999999999998
2016-07-05T01:00:12Z,30.2794320,-97.7424930,151.2,3846.8,111,23.040000000000003
2016-07-05T01:00:13Z,30.2793840,-97.7425100,151.0,3852.3,111,22.32
2016-07-05T01:00:14Z,30.2793410,-97.7425320,151.0,3857.5,110,21.96
2016-07-05T01:00:15Z,30.2792950,-97.7425490,150.8,3862.9,109,21.240000000000002
2016-07-05T01:00:16Z,30.2792540,-97.7425640,150.4,3867.7,108,19.8
2016-07-05T01:00:17Z,30.2792080,-97.7425830,150.4,3873.1,108,19.08
2016-07-05T01:00:18Z,30.2791670,-97.7425990,150.2,3877.9,108,18.36
2016-07-05T01:00:19Z,30.2791320,-97.7426060,150.4,3881.9,109,17.64
2016-07-05T01:00:20Z,30.2790940,-97.7426120,150.4,3886.2,110,16.92
2016-07-05T01:00:21Z,30.2790580,-97.7426220,150.6,3890.2,110,16.2
2016-07-05T01:00:22Z,30.2790210,-97.7426370,150.6,3894.6,111,15.48
2016-07-05T01:00:23Z,30.2789840,-97.7426510,150.4,3898.9,110,15.120000000000001
2016-07-05T01:00:24Z,30.2789490,-97.7426660,150.4,3903.0,110,15.120000000000001
2016-07-05T01:00:25Z,30.2789090,-97.7426900,150.4,3908.0,109,15.840000000000002
2016-07-05T01:00:26Z,30.2788870,-97.7427240,150.4,3912.0,108,15.840000000000002
2016-07-05T01:00:27Z,30.2788590,-97.7427660,150.4,3917.0,109,16.2
2016-07-05T01:00:28Z,30.2788250,-97.7427870,150.2,3921.3,109,16.2
2016-07-05T01:00:29Z,30.2788000,-97.7428350,150.2,3926.7,110,16.92
2016-07-05T01:00:30Z,30.2787460,-97.7428450,150.2,3932.5,111,17.64
2016-07-05T01:00:31Z,30.2786970,-97.7428630,150.2,3938.3,112,19.08
2016-07-05T01:00:32Z,30.2786520,-97.7428790,150.2,3943.5,112,19.08
2016-07-05T01:00:33Z,30.2785960,-97.7428950,149.8,3949.8,112,20.52
2016-07-05T01:00:34Z,30.2785500,-97.7429080,149.8,3955.1,113,20.52
2016-07-05T01:00:35Z,30.2785010,-97.7429160,149.4,3960.6,113,20.16
2016-07-05T01:00:36Z,30.2784540,-97.7429300,149.0,3965.9,113,19.8
2016-07-05T01:00:37Z,30.2784090,-97.7429380,148.2,3971.0,114,19.8
2016-07-05T01:00:38Z,30.2783710,-97.7429470,148.4,3975.3,115,18.36
2016-07-05T01:00:39Z,30.2783370,-97.7429610,148.4,3979.3,115,17.28
2016-07-05T01:00:40Z,30.2783090,-97.7429680,148.6,3982.4,115,15.840000000000002
2016-07-05T01:00:41Z,30.2782760,-97.7429770,148.6,3986.2,114,14.76
2016-07-05T01:00:42Z,30.2782430,-97.7429880,148.8,3990.0,114,13.68
2016-07-05T01:00:43Z,30.2782180,-97.7429970,148.4,3993.0,115,12.6
2016-07-05T01:00:44Z,30.2781930,-97.7430060,148.2,3995.8,115,11.879999999999999
2016-07-05T01:00:45Z,30.2781710,-97.7430140,148.0,3998.4,115,11.520000000000001
2016-07-05T01:00:46Z,30.2781500,-97.7430160,148.2,4000.6,114,10.44
2016-07-05T01:00:47Z,30.2781210,-97.7430170,148.4,4003.6,114,9.72
2016-07-05T01:00:48Z,30.2780950,-97.7430170,148.6,4006.5,114,9.72
2016-07-05T01:00:49Z,30.2780710,-97.7430150,149.0,4008.9,113,9.360000000000001
2016-07-05T01:00:50Z,30.2780560,-97.7430180,149.2,4010.5,113,8.64
2016-07-05T01:00:51Z,30.2780470,-97.7430180,149.2,4011.5,113,7.920000000000001
2016-07-05T01:00:52Z,30.2780530,-97.7430150,149.0,4011.5,113,5.760000000000001
2016-07-05T01:01:34Z,30.2779920,-97.7430620,148.8,4011.5,108,0.0
2016-07-05T01:01:35Z,30.2779730,-97.7430700,148.6,4013.7,108,0.36000000000000004
2016-07-05T01:01:36Z,30.2779380,-97.7430830,148.4,4017.9,108,0.36000000000000004
2016-07-05T01:01:37Z,30.2778990,-97.7430970,148.4,4022.4,108,0.7200000000000001
2016-07-05T01:01:38Z,30.2778580,-97.7431120,148.2,4027.1,108,1.08
2016-07-05T01:01:39Z,30.2778080,-97.7431300,148.2,4033.0,108,1.08
2016-07-05T01:01:40Z,30.2777660,-97.7431460,148.6,4037.9,109,1.08
2016-07-05T01:01:41Z,30.2777070,-97.7431720,148.8,4044.9,110,19.44
2016-07-05T01:01:42Z,30.2776540,-97.7431900,149.0,4050.9,111,20.52
2016-07-05T01:01:43Z,30.2776000,-97.7432060,149.0,4057.1,114,21.6
2016-07-05T01:01:44Z,30.2775460,-97.7432260,148.8,4063.5,116,21.96
2016-07-05T01:01:45Z,30.2774920,-97.7432450,148.4,4069.6,118,22.68
2016-07-05T01:01:46Z,30.2774320,-97.7432650,148.0,4076.6,119,22.68
2016-07-05T01:01:47Z,30.2773700,-97.7432840,147.6,4083.7,121,23.759999999999998
2016-07-05T01:01:48Z,30.2773070,-97.7433030,147.4,4090.9,122,24.48
2016-07-05T01:01:49Z,30.2772450,-97.7433230,147.6,4098.1,123,24.840000000000003
2016-07-05T01:01:50Z,30.2771840,-97.7433440,147.8,4105.0,124,25.56
2016-07-05T01:01:51Z,30.2771250,-97.7433650,147.8,4112.0,124,25.56
2016-07-05T01:01:52Z,30.2770500,-97.7433910,148.0,4120.6,125,26.64
2016-07-05T01:01:53Z,30.2769800,-97.7434160,148.0,4128.7,125,27.36
2016-07-05T01:01:54Z,30.2769160,-97.7434400,148.0,4136.2,126,27.36
2016-07-05T01:01:55Z,30.2768510,-97.7434640,148.0,4143.8,126,28.08
2016-07-05T01:01:56Z,30.2767800,-97.7434900,147.6,4152.1,127,28.8
2016-07-05T01:01:57Z,30.2767160,-97.7435130,147.6,4159.5,128,28.08
2016-07-05T01:01:58Z,30.2766480,-97.7435380,147.6,4167.3,129,27.720000000000002
2016-07-05T01:01:59Z,30.2765800,-97.7435630,147.4,4175.3,130,28.08
2016-07-05T01:02:00Z,30.2765190,-97.7435910,147.4,4182.5,131,27.720000000000002
2016-07-05T01:02:01Z,30.2764570,-97.7436280,147.6,4190.3,132,27.36
2016-07-05T01:02:02Z,30.2763950,-97.7436610,147.6,4197.8,132,27.720000000000002
2016-07-05T01:02:03Z,30.2763350,-97.7436850,147.6,4204.9,133,27.0
2016-07-05T01:02:04Z,30.2762770,-97.7437060,147.6,4211.7,134,26.28
2016-07-05T01:02:05Z,30.2762150,-97.7437300,147.6,4218.8,134,26.28
2016-07-05T01:02:06Z,30.2761530,-97.7437550,147.6,4226.1,135,25.92
2016-07-05T01:02:07Z,30.2760950,-97.7437770,147.6,4232.9,135,25.2
2016-07-05T01:02:08Z,30.2760290,-97.7437930,148.0,4240.5,136,25.56
2016-07-05T01:02:09Z,30.2759740,-97.7438130,148.2,4246.8,137,25.2
2016-07-05T01:02:10Z,30.2759240,-97.7438300,148.6,4252.5,137,24.12
2016-07-05T01:02:11Z,30.2758620,-97.7438530,148.8,4259.8,138,24.12
2016-07-05T01:02:12Z,30.2758050,-97.7438740,149.0,4266.4,139,24.12
2016-07-05T01:02:13Z,30.2757490,-97.7438830,149.2,4272.7,139,23.040000000000003
2016-07-05T01:02:14Z,30.2756960,-97.7439000,149.2,4278.8,140,23.040000000000003
2016-07-05T01:02:15Z,30.2756560,-97.7439140,149.4,4283.4,141,22.32
2016-07-05T01:02:16Z,30.2756000,-97.7439340,149.4,4289.9,142,21.6
2016-07-05T01:02:17Z,30.2755510,-97.7439510,149.6,4295.6,142,20.88
2016-07-05T01:02:18Z,30.2755090,-97.7439640,149.8,4300.4,143,19.8
2016-07-05T01:02:19Z,30.2754670,-97.7439790,150.0,4305.3,143,19.08
2016-07-05T01:02:20Z,30.2754320,-97.7439930,150.2,4309.3,143,18.720000000000002
2016-07-05T01:02:21Z,30.2753990,-97.7440060,150.2,4313.3,144,16.92
2016-07-05T01:02:22Z,30.2753660,-97.7440160,150.4,4317.0,144,15.48
2016-07-05T01:02:23Z,30.2753380,-97.7440240,150.4,4320.3,144,14.4
2016-07-05T01:02:24Z,30.2753150,-97.7440310,150.4,4322.8,143,12.6
2016-07-05T01:02:25Z,30.2752970,-97.7440350,150.6,4324.9,143,11.16
2016-07-05T01:02:26Z,30.2752790,-97.7440400,150.8,4327.0,143,9.72
2016-07-05T01:02:27Z,30.2752650,-97.7440430,151.0,4328.5,143,8.28
2016-07-05T01:02:28Z,30.2752510,-97.7440490,151.2,4330.1,143,7.2
2016-07-05T01:02:29Z,30.2752400,-97.7440540,151.6,4331.5,142,6.12
2016-07-05T01:02:30Z,30.2752410,-97.7440530,151.8,4331.5,141,4.680000000000001
2016-07-05T01:02:47Z,30.2752010,-97.7440620,152.2,4331.5,135,0.0
2016-07-05T01:02:48Z,30.2751870,-97.7440660,152.4,4333.0,133,0.36000000000000004
2016-07-05T01:02:49Z,30.2751750,-97.7440680,152.4,4334.4,132,0.7200000000000001
2016-07-05T01:02:50Z,30.2751630,-97.7440710,152.6,4335.7,131,0.7200000000000001
2016-07-05T01:02:51Z,30.2751480,-97.7440720,152.6,4337.4,131,1.08
2016-07-05T01:02:52Z,30.2751210,-97.7440750,152.8,4340.4,131,6.48
2016-07-05T01:02:53Z,30.2750900,-97.7440850,152.8,4343.9,132,7.920000000000001
2016-07-05T01:02:54Z,30.2750600,-97.7440960,153.0,4347.5,132,9.360000000000001
2016-07-05T01:02:55Z,30.2750240,-97.7441080,153.0,4351.6,132,11.520000000000001
2016-07-05T01:02:56Z,30.2749780,-97.7441280,153.0,4357.0,133,14.04
2016-07-05T01:02:57Z,30.2749400,-97.7441500,153.2,4361.7,133,15.48
2016-07-05T01:02:58Z,30.2748970,-97.7441840,153.6,4367.6,134,16.92
2016-07-05T01:02:59Z,30.2748550,-97.7442110,153.6,4372.8,135,18.36
2016-07-05T01:03:00Z,30.2748140,-97.7442340,153.8,4378.0,135,19.08
2016-07-05T01:03:01Z,30.2747600,-97.7442580,154.2,4384.3,137,19.8
2016-07-05T01:03:02Z,30.2747120,-97.7442770,154.2,4390.0,138,20.52
2016-07-05T01:03:03Z,30.2746600,-97.7442980,154.2,4396.1,139,20.52
2016-07-05T01:03:04Z,30.2746130,-97.7443160,154.0,4401.6,140,20.88
2016-07-05T01:03:05Z,30.2745550,-97.7443370,154.0,4408.3,142,21.96
2016-07-05T01:03:06Z,30.2744970,-97.7443570,154.0,4415.0,143,21.96
2016-07-05T01:03:07Z,30.2744400,-97.7443770,154.0,4421.6,144,22.68
2016-07-05T01:03:08Z,30.2743810,-97.7443970,153.8,4428.4,145,23.400000000000002
2016-07-05T01:03:09Z,30.2743290,-97.7444160,153.8,4434.5,146,23.759999999999998
2016-07-05T01:03:10Z,30.2742700,-97.7444390,153.8,4441.4,147,23.759999999999998
2016-07-05T01:03:11Z,30.2741980,-97.7444620,153.4,4449.6,147,24.840000000000003
2016-07-05T01:03:12Z,30.2741360,-97.7444830,153.0,4456.8,148,25.2
2016-07-05T01:03:13Z,30.2740750,-97.7445060,152.8,4464.0,149,25.56
2016-07-05T01:03:14Z,30.2740150,-97.7445270,153.0,4470.9,149,26.28
2016-07-05T01:03:15Z,30.2739590,-97.7445470,152.6,4477.4,150,25.92
2016-07-05T01:03:16Z,30.2738920,-97.7445730,152.2,4485.2,150,25.56
2016-07-05T01:03:17Z,30.2738280,-97.7445980,152.0,4492.7,150,25.92
2016-07-05T01:03:18Z,30.2737660,-97.7446220,151.6,4500.0,151,25.92
2016-07-05T01:03:19Z,30.2737050,-97.7446440,151.2,4507.1,151,25.92
2016-07-05T01:03:20Z,30.2736430,-97.7446660,150.8,4514.2,151,26.64
2016-07-05T01:03:21Z,30.2735780,-97.7446890,150.8,4521.7,151,26.28
2016-07-05T01:03:22Z,30.2735110,-97.7447140,151.2,4529.6,151,26.64
2016-07-05T01:03:23Z,30.2734440,-97.7447380,151.6,4537.4,151,27.0
2016-07-05T01:03:24Z,30.2733790,-97.7447600,151.8,4544.9,151,27.36
2016-07-05T01:03:25Z,30.2733250,-97.7447790,151.6,4551.1,151,26.64
2016-07-05T01:03:26Z,30.2732520,-97.7448060,151.4,4559.7,150,27.36
2016-07-05T01:03:27Z,30.2731930,-97.7448260,151.2,4566.4,150,26.64
2016-07-05T01:03:28Z,30.2731320,-97.7448470,151.0,4573.5,149,25.92
2016-07-05T01:03:29Z,30.2730830,-97.7448650,150.6,4579.3,148,24.840000000000003
2016-07-05T01:03:30Z,30.2730390,-97.7448810,150.4,4584.3,147,23.759999999999998
2016-07-05T01:03:31Z,30.2729940,-97.7448990,150.0,4589.6,147,21.6
2016-07-05T01:03:32Z,30.2729570,-97.7449130,149.8,4594.0,146,19.8
2016-07-05T01:03:33Z,30.2729200,-97.7449270,149.8,4598.2,145,17.64
2016-07-05T01:03:34Z,30.2729070,-97.7449350,149.6,4599.9,144,14.76
2016-07-05T01:03:35Z,30.2728870,-97.7449420,149.6,4602.2,143,12.96
2016-07-05T01:03:36Z,30.2728720,-97.7449500,149.8,4604.0,143,10.44
2016-07-05T01:03:37Z,30.2728650,-97.7449530,149.8,4604.9,142,7.920000000000001
2016-07-05T01:03:38Z,30.2728660,-97.7449530,149.8,4604.9,143,4.680000000000001
2016-07-05T01:04:14Z,30.2728680,-97.7449710,149.8,4604.9,130,0.0
2016-07-05T01:04:15Z,30.2728550,-97.7449810,149.8,4606.6,128,0.0
2016-07-05T01:04:16Z,30.2728210,-97.7449930,149.8,4610.5,126,0.36000000000000004
2016-07-05T01:04:17Z,30.2727840,-97.7450070,149.6,4614.8,124,1.08
2016-07-05T01:04:18Z,30.2727490,-97.7450200,149.6,4618.8,123,1.08
2016-07-05T01:04:19Z,30.2726990,-97.7450360,149.6,4624.6,122,1.08
2016-07-05T01:04:20Z,30.2726550,-97.7450510,149.6,4629.7,122,1.08
2016-07-05T01:04:21Z,30.2726040,-97.7450690,149.6,4635.7,123,18.0
2016-07-05T01:04:22Z,30.2725510,-97.7450880,149.6,4641.8,124,19.44
2016-07-05T01:04:23Z,30.2724940,-97.7451090,149.6,4648.5,125,21.240000000000002
2016-07-05T01:04:24Z,30.2724390,-97.7451280,149.6,4654.8,126,21.6
2016-07-05T01:04:25Z,30.2723910,-97.7451450,149.6,4660.4,126,21.96
2016-07-05T01:04:26Z,30.2723290,-97.7451670,149.6,4667.6,127,23.040000000000003
2016-07-05T01:04:27Z,30.2722760,-97.7451860,149.4,4673.8,126,23.040000000000003
2016-07-05T01:04:28Z,30.2722210,-97.7452050,149.4,4680.1,126,22.68
2016-07-05T01:04:29Z,30.2721700,-97.7452230,149.2,4686.0,127,22.32
2016-07-05T01:04:30Z,30.2721240,-97.7452390,149.0,4691.4,126,22.32
2016-07-05T01:04:31Z,30.2720820,-97.7452540,148.8,4696.2,126,20.52
2016-07-05T01:04:32Z,30.2720470,-97.7452680,148.8,4700.3,126,19.08
2016-07-05T01:04:33Z,30.2720170,-97.7452810,148.8,4703.9,125,17.28
2016-07-05T01:04:34Z,30.2719890,-97.7452910,148.8,4707.1,124,15.120000000000001
2016-07-05T01:04:35Z,30.2719600,-97.7452960,148.8,4710.3,124,13.68
2016-07-05T01:04:36Z,30.2719300,-97.7453020,148.8,4713.7,124,12.6
2016-07-05T01:04:37Z,30.2719020,-97.7453100,148.8,4716.9,124,11.879999999999999
2016-07-05T01:04:38Z,30.2718740,-97.7453190,148.6,4720.2,124,11.879999999999999
2016-07-05T01:04:39Z,30.2718520,-97.7453250,148.6,4722.7,123,11.16
2016-07-05T01:04:40Z,30.2718330,-97.7453280,148.6,4724.7,123,10.44
2016-07-05T01:04:41Z,30.2718150,-97.7453290,148.6,4726.8,123,9.360000000000001
2016-07-05T01:04:42Z,30.2718010,-97.7453360,148.6,4728.4,123,8.28
2016-07-05T01:04:43Z,30.2717900,-97.7453430,148.6,4729.8,123,6.84
2016-07-05T01:04:44Z,30.2717810,-97.7453470,148.8,4730.9,123,5.760000000000001
2016-07-05T01:04:45Z,30.2717740,-97.7453480,148.8,4731.6,123,5.04
2016-07-05T01:04:46Z,30.2717750,-97.7453480,148.8,4731.6,123,3.6
2016-07-05T01:04:56Z,30.2717340,-97.7453390,148.8,4731.6,122,0.0
2016-07-05T01:04:57Z,30.2717140,-97.7453410,148.8,4733.8,123,0.7200000000000001
2016-07-05T01:04:58Z,30.2716850,-97.7453470,148.4,4737.1,123,1.8
2016-07-05T01:04:59Z,30.2716440,-97.7453620,148.4,4741.8,124,2.8800000000000003
2016-07-05T01:05:00Z,30.2716050,-97.7453780,148.4,4746.4,124,3.9600000000000004
2016-07-05T01:05:01Z,30.2715570,-97.7453960,148.6,4752.1,126,3.9600000000000004
2016-07-05T01:05:02Z,30.2715130,-97.7454150,148.8,4757.2,127,16.92
2016-07-05T01:05:03Z,30.2714770,-97.7454310,149.2,4761.5,128,17.64
2016-07-05T01:05:04Z,30.2714370,-97.7454540,149.6,4766.4,130,17.64
2016-07-05T01:05:05Z,30.2714010,-97.7454760,149.6,4770.9,132,17.64
2016-07-05T01:05:06Z,30.2713600,-97.7454970,149.8,4775.9,133,17.28
2016-07-05T01:05:07Z,30.2713230,-97.7455120,149.6,4780.3,135,16.56
2016-07-05T01:05:08Z,30.2712870,-97.7455250,149.6,4784.5,136,16.56
2016-07-05T01:05:09Z,30.2712590,-97.7455370,149.6,4787.8,137,15.48
2016-07-05T01:05:10Z,30.2712280,-97.7455490,149.6,4791.4,137,14.76
2016-07-05T01:05:11Z,30.2711960,-97.7455590,149.6,4795.1,137,13.68
2016-07-05T01:05:12Z,30.2711700,-97.7455680,149.6,4798.1,136,12.96
2016-07-05T01:05:13Z,30.2711470,-97.7455780,149.6,4800.8,136,11.879999999999999
2016-07-05T01:05:14Z,30.2711280,-97.7455860,149.8,4803.1,136,11.16
2016-07-05T01:05:15Z,30.2711080,-97.7455920,149.8,4805.3,136,10.08
2016-07-05T01:05:16Z,30.2710930,-97.7455990,149.6,4807.2,137,8.64
2016-07-05T01:05:17Z,30.2710770,-97.7456050,149.6,4809.0,137,7.920000000000001
2016-07-05T01:05:18Z,30.2710640,-97.7456110,149.6,4810.6,138,7.2
2016-07-05T01:05:19Z,30.2710520,-97.7456170,149.6,4812.0,137,6.48
2016-07-05T01:05:20Z,30.2710420,-97.7456190,149.6,4813.1,137,5.760000000000001
2016-07-05T01:05:21Z,30.2710310,-97.7456210,149.6,4814.3,137,5.04
2016-07-05T01:05:22Z,30.2710220,-97.7456230,149.6,4815.3,137,4.680000000000001
2016-07-05T01:05:23Z,30.2710130,-97.7456240,149.6,4816.3,137,3.9600000000000004
2016-07-05T01:05:24Z,30.2710140,-97.7456240,149.6,4816.3,136,3.24
2016-07-05T01:05:37Z,30.2709590,-97.7456180,149.6,4816.3,121,0.0
2016-07-05T01:05:38Z,30.2709420,-97.7456250,149.6,4818.3,120,0.36000000000000004
2016-07-05T01:05:39Z,30.2709190,-97.7456340,149.4,4821.0,119,1.08
2016-07-05T01:05:40Z,30.2708910,-97.7456440,149.4,4824.3,118,1.8
2016-07-05T01:05:41Z,30.2708530,-97.7456580,149.4,4828.7,116,2.52
2016-07-05T01:05:42Z,30.2708130,-97.7456740,149.4,4833.4,115,2.52
2016-07-05T01:05:43Z,30.2707700,-97.7456920,149.2,4838.4,115,14.4
2016-07-05T01:05:44Z,30.2707240,-97.7457100,149.0,4843.9,116,16.56
2016-07-05T01:05:45Z,30.2706870,-97.7457260,149.0,4848.3,116,17.28
2016-07-05T01:05:46Z,30.2706310,-97.7457500,148.8,4854.9,118,18.720000000000002
2016-07-05T01:05:47Z,30.2705740,-97.7457730,148.6,4861.6,118,20.16
2016-07-05T01:05:48Z,30.2705170,-97.7457940,148.4,4868.1,118,21.240000000000002
2016-07-05T01:05:49Z,30.2704620,-97.7458140,148.0,4874.5,116,21.96
2016-07-05T01:05:50Z,30.2704100,-97.7458370,147.2,4880.8,114,23.400000000000002
2016-07-05T01:05:51Z,30.2703540,-97.7458590,146.4,4887.3,114,23.400000000000002
2016-07-05T01:05:52Z,30.2702940,-97.7458820,145.4,4894.3,113,23.400000000000002
2016-07-05T01:05:53Z,30.2702320,-97.7459080,144.6,4901.6,113,24.12
2016-07-05T01:05:54Z,30.2701750,-97.7459300,143.6,4908.3,112,24.48
2016-07-05T01:05:55Z,30.2701220,-97.7459500,143.0,4914.5,113,24.12
2016-07-05T01:05:56Z,30.2700500,-97.7459750,142.2,4922.9,113,25.56
2016-07-05T01:05:57Z,30.2699870,-97.7460000,141.4,4930.2,113,25.92
2016-07-05T01:05:58Z,30.2699130,-97.7460300,141.0,4938.9,113,27.0
2016-07-05T01:05:59Z,30.2698450,-97.7460600,140.8,4947.0,114,27.720000000000002
2016-07-05T01:06:00Z,30.2697810,-97.7460880,140.8,4954.5,114,28.8
2016-07-05T01:06:01Z,30.2697130,-97.7461090,140.6,4962.3,115,28.44
2016-07-05T01:06:02Z,30.2696540,-97.7461320,140.6,4969.2,115,28.08
2016-07-05T01:06:03Z,30.2696010,-97.7461530,140.2,4975.4,115,26.28
2016-07-05T01:06:04Z,30.2695460,-97.7461730,139.8,4981.9,115,25.2
2016-07-05T01:06:05Z,30.2694980,-97.7461890,139.6,4987.4,114,23.759999999999998
2016-07-05T01:06:06Z,30.2694470,-97.7462050,139.0,4993.2,114,22.32
2016-07-05T01:06:07Z,30.2694000,-97.7462180,138.8,4998.6,114,21.240000000000002
2016-07-05T01:06:08Z,30.2693500,-97.7462350,138.6,5004.3,113,20.88
2016-07-05T01:06:09Z,30.2693070,-97.7462470,138.4,5009.3,113,19.8
2016-07-05T01:06:10Z,30.2692580,-97.7462620,138.2,5014.9,114,19.8
2016-07-05T01:06:11Z,30.2691990,-97.7462840,137.8,5021.7,115,20.52
2016-07-05T01:06:12Z,30.2691450,-97.7463040,137.8,5028.0,115,21.240000000000002
2016-07-05T01:06:13Z,30.2690910,-97.7463230,138.0,5034.3,114,21.6
2016-07-05T01:06:14Z,30.2690380,-97.7463440,138.0,5040.5,113,22.32
2016-07-05T01:06:15Z,30.2689830,-97.7463670,138.0,5047.0,113,23.040000000000003
2016-07-05T01:06:16Z,30.2689300,-97.7463900,138.2,5053.3,113,22.68
2016-07-05T01:06:17Z,30.2688860,-97.7464090,138.2,5058.4,112,21.96
2016-07-05T01:06:18Z,30.2688480,-97.7464280,138.2,5063.0,113,20.52
2016-07-05T01:06:19Z,30.2688080,-97.7464450,138.0,5067.7,113,19.44
2016-07-05T01:06:20Z,30.2687720,-97.7464680,137.8,5072.3,114,18.36
2016-07-05T01:06:21Z,30.2687320,-97.7464860,137.8,5077.0,114,16.92
2016-07-05T01:06:22Z,30.2686880,-97.7465030,137.6,5082.1,114,16.92
2016-07-05T01:06:23Z,30.2686470,-97.7465220,137.4,5087.0,113,17.28
2016-07-05T01:06:24Z,30.2686060,-97.7465390,137.4,5091.9,113,17.28
2016-07-05T01:06:25Z,30.2685680,-97.7465510,137.4,5096.3,112,17.28
2016-07-05T01:06:26Z,30.2685200,-97.7465700,137.2,5101.9,112,18.0
2016-07-05T01:06:27Z,30.2684800,-97.7465890,137.2,5106.7,112,17.64
2016-07-05T01:06:28Z,30.2684350,-97.7466110,137.0,5112.1,112,18.0
2016-07-05T01:06:29Z,30.2683870,-97.7466370,137.0,5118.0,112,18.720000000000002
2016-07-05T01:06:30Z,30.2683440,-97.7466550,137.0,5123.0,111,19.08
2016-07-05T01:06:31Z,30.2682900,-97.7466720,137.0,5129.2,110,19.8
2016-07-05T01:06:32Z,30.2682390,-97.7466900,136.8,5135.2,108,20.52
2016-07-05T01:06:33Z,30.2681930,-97.7467110,136.6,5140.6,108,20.52
2016-07-05T01:06:34Z,30.2681440,-97.7467340,136.2,5146.4,108,20.52
2016-07-05T01:06:35Z,30.2680970,-97.7467550,136.0,5152.1,108,20.88
2016-07-05T01:06:36Z,30.2680440,-97.7467780,135.6,5158.3,108,20.88
2016-07-05T01:06:37Z,30.2679960,-97.7467930,135.6,5163.8,109,20.52
2016-07-05T01:06:38Z,30.2679480,-97.7468060,135.4,5169.3,109,20.52
2016-07-05T01:06:39Z,30.2679010,-97.7468170,135.2,5174.6,108,20.16
2016-07-05T01:06:40Z,30.2678600,-97.7468310,135.0,5179.4,107,19.8
2016-07-05T01:06:41Z,30.2678070,-97.7468530,135.0,5185.6,106,19.8
2016-07-05T01:06:42Z,30.2677650,-97.7468720,134.8,5190.6,106,19.44
2016-07-05T01:06:43Z,30.2677160,-97.7468920,134.6,5196.4,106,19.44
2016-07-05T01:06:44Z,30.2676690,-97.7469110,134.6,5201.8,106,19.44
2016-07-05T01:06:45Z,30.2676280,-97.7469250,134.4,5206.6,107,19.44
2016-07-05T01:06:46Z,30.2675770,-97.7469450,134.4,5212.5,106,19.44
2016-07-05T01:06:47Z,30.2675340,-97.7469630,134.0,5217.7,105,19.44
2016-07-05T01:06:48Z,30.2674960,-97.7469790,133.8,5222.1,103,18.36
2016-07-05T01:06:49Z,30.2674580,-97.7469930,133.6,5226.5,103,17.64
2016-07-05T01:06:50Z,30.2674150,-97.7470070,133.4,5231.5,104,18.0
2016-07-05T01:06:51Z,30.2673680,-97.7470230,133.2,5236.9,104,17.64
2016-07-05T01:06:52Z,30.2673200,-97.7470410,133.2,5242.5,106,18.0
2016-07-05T01:06:53Z,30.2672870,-97.7470540,132.8,5246.4,107,17.64
2016-07-05T01:06:54Z,30.2672700,-97.7470600,132.8,5248.4,108,15.840000000000002
2016-07-05T01:06:55Z,30.2672560,-97.7470640,132.6,5250.0,109,13.32
2016-07-05T01:06:56Z,30.2672450,-97.7470690,132.6,5251.3,112,10.44
2016-07-05T01:06:57Z,30.2672360,-97.7470710,132.4,5252.3,113,7.2
2016-07-05T01:06:58Z,30.2672270,-97.7470730,132.4,5253.3,114,5.04
2016-07-05T01:06:59Z,30.2672330,-97.7470720,132.4,5253.3,115,3.6
2016-07-05T01:07:36Z,30.2672240,-97.7470970,132.8,5253.3,114,0.0
2016-07-05T01:07:37Z,30.2672100,-97.7471040,132.8,5255.0,114,0.0
2016-07-05T01:07:38Z,30.2671900,-97.7471120,132.8,5257.2,112,0.36000000000000004
2016-07-05T01:07:39Z,30.2671720,-97.7471200,132.6,5259.4,111,0.7200000000000001
2016-07-05T01:07:40Z,30.2671510,-97.7471300,132.8,5262.0,110,0.7200000000000001
2016-07-05T01:07:41Z,30.2671180,-97.7471430,132.6,5265.8,109,0.7200000000000001
2016-07-05T01:07:42Z,30.2670840,-97.7471550,132.8,5269.8,110,10.8
2016-07-05T01:07:43Z,30.2670440,-97.7471650,132.8,5274.3,110,12.24
2016-07-05T01:07:44Z,30.2669990,-97.7471770,132.8,5279.4,111,14.4
2016-07-05T01:07:45Z,30.2669580,-97.7471910,132.8,5284.2,112,15.840000000000002
2016-07-05T01:07:46Z,30.2669070,-97.7472090,132.6,5290.0,114,17.28
2016-07-05T01:07:47Z,30.2668580,-97.7472270,132.6,5295.8,115,18.720000000000002
2016-07-05T01:07:48Z,30.2668100,-97.7472440,132.4,5301.4,116,19.44
2016-07-05T01:07:49Z,30.2667620,-97.7472610,132.2,5306.9,117,19.8
2016-07-05T01:07:50Z,30.2667160,-97.7472750,132.2,5312.2,117,20.16
2016-07-05T01:07:51Z,30.2666670,-97.7472910,132.0,5317.8,118,20.16
2016-07-05T01:07:52Z,30.2666210,-97.7473060,132.0,5323.1,118,19.8
2016-07-05T01:07:53Z,30.2665750,-97.7473200,132.0,5328.4,118,19.44
2016-07-05T01:07:54Z,30.2665310,-97.7473320,132.0,5333.3,119,19.08
2016-07-05T01:07:55Z,30.2664870,-97.7473440,132.2,5338.4,120,18.720000000000002
2016-07-05T01:07:56Z,30.2664370,-97.7473570,132.6,5344.0,121,18.720000000000002
2016-07-05T01:07:57Z,30.2663930,-97.7473700,133.2,5349.1,121,18.720000000000002
2016-07-05T01:07:58Z,30.2663470,-97.7473840,133.2,5354.4,121,18.720000000000002
2016-07-05T01:07:59Z,30.2663060,-97.7474120,133.2,5359.6,121,19.08
2016-07-05T01:08:00Z,30.2662640,-97.7474320,133.2,5364.5,121,18.720000000000002
2016-07-05T01:08:01Z,30.2662140,-97.7474470,133.0,5370.3,121,19.08
2016-07-05T01:08:02Z,30.2661680,-97.7474540,132.4,5375.4,121,19.08
2016-07-05T01:08:03Z,30.2661220,-97.7474660,132.2,5380.7,121,19.08
2016-07-05T01:08:04Z,30.2660720,-97.7474800,132.0,5386.4,121,19.44
2016-07-05T01:08:05Z,30.2660290,-97.7474920,131.6,5391.3,122,19.44
2016-07-05T01:08:06Z,30.2659810,-97.7475050,131.4,5396.7,123,19.08
2016-07-05T01:08:07Z,30.2659360,-97.7475190,131.0,5401.9,124,19.08
2016-07-05T01:08:08Z,30.2658900,-97.7475350,130.6,5407.3,124,19.08
2016-07-05T01:08:09Z,30.2658460,-97.7475520,130.6,5412.4,124,18.720000000000002
2016-07-05T01:08:10Z,30.2657980,-97.7475720,130.6,5418.1,124,19.44
2016-07-05T01:08:11Z,30.2657420,-97.7475900,130.6,5424.5,125,20.16
2016-07-05T01:08:12Z,30.2656920,-97.7476090,130.4,5430.4,125,20.52
2016-07-05T01:08:13Z,30.2656400,-97.7476300,130.4,5436.4,125,20.88
2016-07-05T01:08:14Z,30.2655850,-97.7476570,130.2,5443.0,126,21.96
2016-07-05T01:08:15Z,30.2655370,-97.7476800,130.0,5448.8,126,21.96
2016-07-05T01:08:16Z,30.2654800,-97.7477080,130.0,5455.6,127,22.32
2016-07-05T01:08:17Z,30.2654210,-97.7477360,130.0,5462.7,128,23.400000000000002
2016-07-05T01:08:18Z,30.2653670,-97.7477610,130.0,5469.2,129,23.759999999999998
2016-07-05T01:08:19Z,30.2653100,-97.7477930,129.8,5476.2,129,23.759999999999998
2016-07-05T01:08:20Z,30.2652560,-97.7478180,129.8,5482.6,129,24.48
2016-07-05T01:08:21Z,30.2651990,-97.7478370,130.0,5489.2,130,24.12
2016-07-05T01:08:22Z,30.2651470,-97.7478480,130.0,5495.1,129,23.400000000000002
2016-07-05T01:08:23Z,30.2650900,-97.7478620,129.8,5501.6,129,23.400000000000002
2016-07-05T01:08:24Z,30.2650400,-97.7478750,129.8,5507.2,129,22.32
2016-07-05T01:08:25Z,30.2649940,-97.7478900,129.6,5512.5,129,21.6
2016-07-05T01:08:26Z,30.2649490,-97.7479030,129.4,5517.6,129,20.52
2016-07-05T01:08:27Z,30.2649060,-97.7479120,129.2,5522.5,129,19.8
2016-07-05T01:08:28Z,30.2648580,-97.7479220,129.2,5527.9,129,19.08
2016-07-05T01:08:29Z,30.2648060,-97.7479370,129.2,5533.8,130,19.08
2016-07-05T01:08:30Z,30.2647500,-97.7479560,129.0,5540.3,130,20.16
2016-07-05T01:08:31Z,30.2646960,-97.7479740,129.2,5546.5,130,20.88
2016-07-05T01:08:32Z,30.2646480,-97.7479900,129.0,5552.0,130,21.240000000000002
2016-07-05T01:08:33Z,30.2646110,-97.7480020,129.0,5556.3,130,20.52
2016-07-05T01:08:34Z,30.2645810,-97.7480130,128.8,5559.8,130,18.720000000000002
2016-07-05T01:08:35Z,30.2645490,-97.7480230,128.4,5563.5,130,16.56
2016-07-05T01:08:36Z,30.2645170,-97.7480330,128.2,5567.1,129,14.76
2016-07-05T01:08:37Z,30.2644870,-97.7480440,128.2,5570.6,129,13.32
2016-07-05T01:08:38Z,30.2644690,-97.7480550,128.0,5572.8,129,11.879999999999999
2016-07-05T01:08:39Z,30.2644610,-97.7480620,128.2,5573.9,128,10.08
2016-07-05T01:08:40Z,30.2644570,-97.7480650,128.2,5574.5,127,7.920000000000001
2016-07-05T01:08:41Z,30.2644570,-97.7480650,128.0,5574.5,127,5.4
2016-07-05T01:09:20Z,30.2644610,-97.7480640,127.4,5574.5,113,0.0
2016-07-05T01:09:21Z,30.2644470,-97.7480720,127.4,5576.3,112,0.0
2016-07-05T01:09:22Z,30.2644230,-97.7480790,127.2,5579.0,111,0.36000000000000004
2016-07-05T01:09:23Z,30.2643900,-97.7480780,127.2,5582.6,110,0.7200000000000001
2016-07-05T01:09:24Z,30.2643570,-97.7480700,127.4,5586.3,109,1.08
2016-07-05T01:09:25Z,30.2643150,-97.7480530,127.4,5591.2,109,1.08
2016-07-05T01:09:26Z,30.2642750,-97.7480360,127.4,5596.0,109,14.04
2016-07-05T01:09:27Z,30.2642320,-97.7480100,127.2,5601.4,109,16.2
2016-07-05T01:09:28Z,30.2641880,-97.7479810,127.2,5607.0,110,17.64
2016-07-05T01:09:29Z,30.2641480,-97.7479520,127.4,5612.3,110,18.720000000000002
2016-07-05T01:09:30Z,30.2641090,-97.7479240,127.2,5617.3,110,18.720000000000002
2016-07-05T01:09:31Z,30.2640700,-97.7478970,127.2,5622.4,110,19.08
2016-07-05T01:09:32Z,30.2640280,-97.7478750,127.2,5627.5,111,18.720000000000002
2016-07-05T01:09:33Z,30.2639890,-97.7478550,127.2,5632.3,112,18.36
2016-07-05T01:09:34Z,30.2639470,-97.7478350,127.2,5637.3,114,18.0
2016-07-05T01:09:35Z,30.2639010,-97.7478220,127.0,5642.5,116,18.0
2016-07-05T01:09:36Z,30.2638500,-97.7478120,127.0,5648.2,118,18.720000000000002
2016-07-05T01:09:37Z,30.2638010,-97.7478110,126.8,5653.7,118,18.720000000000002
2016-07-05T01:09:38Z,30.2637510,-97.7478180,127.0,5659.2,118,19.44
2016-07-05T01:09:39Z,30.2637050,-97.7478260,127.0,5664.4,119,19.44
2016-07-05T01:09:40Z,30.2636550,-97.7478390,127.0,5670.1,119,19.8
2016-07-05T01:09:41Z,30.2636050,-97.7478520,126.8,5675.8,120,19.8
2016-07-05T01:09:42Z,30.2635550,-97.7478740,127.0,5681.7,120,20.16
2016-07-05T01:09:43Z,30.2635020,-97.7478940,127.0,5687.8,120,20.52
2016-07-05T01:09:44Z,30.2634530,-97.7479110,126.8,5693.5,121,20.88
2016-07-05T01:09:45Z,30.2634030,-97.7479300,126.8,5699.4,121,21.240000000000002
2016-07-05T01:09:46Z,30.2633520,-97.7479490,127.2,5705.3,121,21.240000000000002
2016-07-05T01:09:47Z,30.2633020,-97.7479680,127.2,5711.1,121,21.240000000000002
2016-07-05T01:09:48Z,30.2632530,-97.7479850,127.0,5716.9,121,20.88
2016-07-05T01:09:49Z,30.2632060,-97.7480030,127.2,5722.3,122,20.88
2016-07-05T01:09:50Z,30.2631580,-97.7480240,127.2,5728.0,122,20.52
2016-07-05T01:09:51Z,30.2631100,-97.7480410,126.8,5733.6,122,20.52
2016-07-05T01:09:52Z,30.2630570,-97.7480600,127.0,5739.7,123,20.52
2016-07-05T01:09:53Z,30.2630070,-97.7480780,127.0,5745.5,124,20.52
2016-07-05T01:09:54Z,30.2629580,-97.7480960,127.2,5751.2,124,20.88
2016-07-05T01:09:55Z,30.2629090,-97.7481150,127.0,5757.0,124,20.88
2016-07-05T01:09:56Z,30.2628560,-97.7481350,127.4,5763.1,125,21.240000000000002
2016-07-05T01:09:57Z,30.2628080,-97.7481520,127.2,5768.7,125,20.88
2016-07-05T01:09:58Z,30.2627540,-97.7481710,127.2,5774.9,125,21.240000000000002
2016-07-05T01:09:59Z,30.2627010,-97.7481910,127.2,5781.1,125,21.6
2016-07-05T01:10:00Z,30.2626530,-97.7482100,127.0,5786.7,125,21.240000000000002
2016-07-05T01:10:01Z,30.2626020,-97.7482300,127.0,5792.8,126,21.240000000000002
2016-07-05T01:10:02Z,30.2625450,-97.7482500,127.0,5799.3,126,21.96
2016-07-05T01:10:03Z,30.2624970,-97.7482680,126.8,5804.9,127,21.6
2016-07-05T01:10:04Z,30.2624440,-97.7482870,126.8,5811.1,127,21.6
2016-07-05T01:10:05Z,30.2623920,-97.7483060,126.8,5817.2,127,21.96
2016-07-05T01:10:06Z,30.2623740,-97.7483110,127.0,5819.2,128,19.08
2016-07-05T01:10:07Z,30.2622820,-97.7483430,127.2,5829.9,127,21.96
2016-07-05T01:10:08Z,30.2622290,-97.7483640,127.0,5836.1,128,22.32
2016-07-05T01:10:09Z,30.2621810,-97.7483830,126.8,5841.7,128,21.96
2016-07-05T01:10:10Z,30.2621270,-97.7484040,126.8,5848.1,128,22.32
2016-07-05T01:10:11Z,30.2620690,-97.7484250,126.8,5854.8,128,25.56
2016-07-05T01:10:12Z,30.2620150,-97.7484460,126.4,5861.0,128,22.32
2016-07-05T01:10:13Z,30.2619620,-97.7484670,126.2,5867.3,128,22.32
2016-07-05T01:10:14Z,30.2619090,-97.7484840,126.2,5873.3,128,22.68
2016-07-05T01:10:15Z,30.2618630,-97.7485000,126.4,5878.7,127,21.96
2016-07-05T01:10:16Z,30.2618120,-97.7485200,126.4,5884.7,127,21.6
2016-07-05T01:10:17Z,30.2617590,-97.7485410,126.4,5890.9,127,21.6
2016-07-05T01:10:18Z,30.2617100,-97.7485600,126.4,5896.6,127,21.240000000000002
2016-07-05T01:10:19Z,30.2616650,-97.7485770,126.6,5901.9,127,20.52
2016-07-05T01:10:20Z,30.2616190,-97.7485930,126.6,5907.2,126,20.52
2016-07-05T01:10:21Z,30.2615720,-97.7486090,126.4,5912.6,126,20.16
2016-07-05T01:10:22Z,30.2615220,-97.7486280,126.6,5918.5,125,19.8
2016-07-05T01:10:23Z,30.2614740,-97.7486460,126.6,5924.0,124,19.8
2016-07-05T01:10:24Z,30.2614260,-97.7486640,126.6,5929.7,124,20.16
2016-07-05T01:10:25Z,30.2613790,-97.7486820,126.6,5935.2,123,20.16
2016-07-05T01:10:26Z,30.2613260,-97.7487040,126.4,5941.4,122,20.88
2016-07-05T01:10:27Z,30.2612770,-97.7487250,126.4,5947.2,122,20.52
2016-07-05T01:10:28Z,30.2612210,-97.7487500,126.4,5953.9,121,21.6
2016-07-05T01:10:29Z,30.2611700,-97.7487720,126.0,5959.9,121,21.6
2016-07-05T01:10:30Z,30.2611110,-97.7487990,125.8,5967.0,120,23.040000000000003
2016-07-05T01:10:31Z,30.2610500,-97.7488280,125.8,5974.2,119,23.759999999999998
2016-07-05T01:10:32Z,30.2609900,-97.7488570,125.4,5981.4,118,24.48
2016-07-05T01:10:33Z,30.2609330,-97.7488840,125.4,5988.3,117,24.840000000000003
2016-07-05T01:10:34Z,30.2608740,-97.7489120,125.4,5995.3,117,25.56
2016-07-05T01:10:35Z,30.2608180,-97.7489410,125.2,6002.2,117,25.2
2016-07-05T01:10:36Z,30.2607570,-97.7489690,125.0,6009.4,117,25.2
2016-07-05T01:10:37Z,30.2607030,-97.7489940,124.8,6015.9,116,24.840000000000003
2016-07-05T01:10:38Z,30.2606400,-97.7490230,124.6,6023.4,116,25.2
2016-07-05T01:10:39Z,30.2605830,-97.7490500,124.2,6030.2,115,25.2
2016-07-05T01:10:40Z,30.2605270,-97.7490770,123.8,6037.0,114,25.2
2016-07-05T01:10:41Z,30.2604650,-97.7491070,123.6,6044.5,114,25.2
2016-07-05T01:10:42Z,30.2604090,-97.7491340,123.2,6051.2,113,25.56
2016-07-05T01:10:43Z,30.2603590,-97.7491610,122.8,6057.2,113,24.48
2016-07-05T01:10:44Z,30.2603160,-97.7491830,122.6,6062.5,113,23.400000000000002
2016-07-05T01:10:45Z,30.2602760,-97.7492040,122.6,6067.3,112,21.96
2016-07-05T01:10:46Z,30.2602370,-97.7492230,122.4,6072.0,112,19.8
2016-07-05T01:10:47Z,30.2602050,-97.7492410,122.4,6076.1,111,18.0
2016-07-05T01:10:48Z,30.2601760,-97.7492590,122.6,6079.6,111,16.2
2016-07-05T01:10:49Z,30.2601530,-97.7492780,122.6,6082.8,111,14.76
2016-07-05T01:10:50Z,30.2601360,-97.7492990,122.6,6085.6,111,13.32
2016-07-05T01:10:51Z,30.2601220,-97.7493220,122.4,6088.2,111,11.520000000000001
2016-07-05T01:10:52Z,30.2601100,-97.7493420,122.6,6090.6,111,10.44
2016-07-05T01:10:53Z,30.2601000,-97.7493610,122.8,6092.7,112,9.360000000000001
2016-07-05T01:10:54Z,30.2600930,-97.7493760,122.8,6094.4,112,8.28
2016-07-05T01:10:55Z,30.2600870,-97.7493910,122.8,6095.9,112,7.5600000000000005
2016-07-05T01:10:56Z,30.2600880,-97.7493890,122.8,6095.9,113,5.4
2016-07-05T01:11:04Z,30.2601010,-97.7494460,123.2,6095.9,119,0.0
2016-07-05T01:11:05Z,30.2601060,-97.7494570,123.2,6097.1,118,0.36000000000000004
2016-07-05T01:11:06Z,30.2601150,-97.7494670,123.2,6098.5,116,1.08
2016-07-05T01:11:07Z,30.2601230,-97.7494780,123.2,6099.8,115,1.4400000000000002
2016-07-05T01:11:08Z,30.2601300,-97.7494870,123.0,6100.9,114,1.4400000000000002
2016-07-05T01:11:09Z,30.2601370,-97.7494940,123.0,6102.0,112,4.32
2016-07-05T01:11:10Z,30.2601440,-97.7494990,123.2,6102.8,111,3.9600000000000004
2016-07-05T01:11:11Z,30.2601430,-97.7494980,123.2,6102.8,110,3.24
2016-07-05T01:11:24Z,30.2601860,-97.7495280,123.6,6102.8,113,0.0
2016-07-05T01:11:25Z,30.2601990,-97.7495350,123.6,6104.4,114,0.36000000000000004
2016-07-05T01:11:26Z,30.2602090,-97.7495420,123.6,6105.7,114,0.7200000000000001
2016-07-05T01:11:27Z,30.2602200,-97.7495470,123.6,6107.0,114,1.08
2016-07-05T01:11:28Z,30.2602300,-97.7495530,123.4,6108.3,114,1.08
2016-07-05T01:11:29Z,30.2602400,-97.7495600,123.4,6109.5,115,4.680000000000001
2016-07-05T01:11:30Z,30.2602480,-97.7495670,123.4,6110.6,115,4.32
2016-07-05T01:11:31Z,30.2602560,-97.7495740,123.4,6111.7,116,4.32
2016-07-05T01:11:32Z,30.2602560,-97.7495740,123.4,6111.7,116,3.24
2016-07-05T01:11:33Z,30.2602790,-97.7495890,123.2,6114.7,116,4.680000000000001
2016-07-05T01:11:34Z,30.2602890,-97.7495970,123.4,6116.0,115,4.680000000000001
2016-07-05T01:11:35Z,30.2602980,-97.7496050,123.2,6117.3,115,4.680000000000001
2016-07-05T01:11:36Z,30.2603090,-97.7496170,123.2,6119.0,115,5.4
2016-07-05T01:11:37Z,30.2603190,-97.7496290,123.2,6120.6,114,6.48
2016-07-05T01:11:38Z,30.2603290,-97.7496410,123.2,6122.1,115,5.4
2016-07-05T01:11:39Z,30.2603380,-97.7496520,123.0,6123.6,115,5.4
2016-07-05T01:11:40Z,30.2603480,-97.7496610,123.0,6125.1,115,5.760000000000001
2016-07-05T01:11:41Z,30.2603610,-97.7496730,123.0,6126.9,115,5.760000000000001
2016-07-05T01:11:42Z,30.2603730,-97.7496820,123.0,6128.4,115,5.760000000000001
2016-07-05T01:11:43Z,30.2603830,-97.7496880,123.2,6129.7,114,5.4
2016-07-05T01:11:44Z,30.2603920,-97.7496930,123.2,6130.8,114,5.04
2016-07-05T01:11:45Z,30.2604070,-97.7496970,123.2,6132.5,114,5.4
2016-07-05T01:11:46Z,30.2604190,-97.7497020,123.2,6133.9,113,5.04
2016-07-05T01:11:47Z,30.2604320,-97.7497030,123.4,6135.3,113,5.04
2016-07-05T01:11:48Z,30.2604440,-97.7497070,123.4,6136.7,113,5.04
2016-07-05T01:11:49Z,30.2604550,-97.7497120,123.4,6138.0,113,5.04
2016-07-05T01:11:50Z,30.2604660,-97.7497140,123.4,6139.2,113,4.680000000000001
2016-07-05T01:11:51Z,30.2604760,-97.7497170,123.4,6140.4,112,4.680000000000001
2016-07-05T01:11:52Z,30.2604860,-97.7497210,123.4,6141.5,112,4.32
2016-07-05T01:11:53Z,30.2604970,-97.7497270,123.2,6142.9,112,4.32
2016-07-05T01:11:54Z,30.2605090,-97.7497330,123.2,6144.3,112,4.680000000000001
2016-07-05T01:11:55Z,30.2605190,-97.7497380,123.2,6145.6,112,4.680000000000001
2016-07-05T01:11:56Z,30.2605310,-97.7497450,123.2,6147.0,112,4.680000000000001
2016-07-05T01:11:57Z,30.2605420,-97.7497510,123.2,6148.3,110,5.04
2016-07-05T01:11:58Z,30.2605530,-97.7497550,123.2,6149.6,110,4.680000000000001
2016-07-05T01:11:59Z,30.2605650,-97.7497580,123.2,6151.0,110,4.680000000000001
2016-07-05T01:12:00Z,30.2605750,-97.7497580,123.2,6152.1,110,4.680000000000001
2016-07-05T01:12:01Z,30.2605860,-97.7497550,123.2,6153.4,110,4.680000000000001
2016-07-05T01:12:02Z,30.2605940,-97.7497530,123.2,6154.3,110,4.32
2016-07-05T01:12:03Z,30.2606000,-97.7497500,123.4,6155.0,111,3.9600000000000004
2016-07-05T01:12:04Z,30.2606060,-97.7497480,123.4,6155.6,111,3.24
2016-07-05T01:12:05Z,30.2606110,-97.7497510,123.4,6156.2,112,2.8800000000000003
2016-07-05T01:12:06Z,30.2606170,-97.7497540,123.4,6157.0,113,2.52
2016-07-05T01:12:07Z,30.2606240,-97.7497540,123.4,6157.7,114,2.52
2016-07-05T01:12:08Z,30.2606310,-97.7497500,123.2,6158.6,115,2.52
2016-07-05T01:12:09Z,30.2606360,-97.7497430,123.2,6159.4,115,2.8800000000000003
2016-07-05T01:12:10Z,30.2606390,-97.7497350,123.0,6160.2,115,2.8800000000000003
2016-07-05T01:12:11Z,30.2606410,-97.7497270,123.0,6161.0,115,2.8800000000000003
2016-07-05T01:12:12Z,30.2606420,-97.7497210,123.0,6161.6,115,2.8800000000000003
2016-07-05T01:12:13Z,30.2606420,-97.7497210,123.0,6161.6,115,2.16
2016-07-05T01:12:14Z,30.2606450,-97.7497200,122.8,6161.8,115,1.8
2016-07-05T01:12:15Z,30.2606450,-97.7497200,122.8,6161.8,115,1.08
