time,longitude,latitude,distance,elevation,hr_value,cadence,Speed
2016-07-05 03:08:22,-97.745217,30.26819,4.4,166.6,126,,0.0
2016-07-05 03:08:23,-97.745208,30.268237,9.6,166.8,126,,0.0
2016-07-05 03:08:24,-97.7452,30.268279,14.4,167.0,126,,0.0
2016-07-05 03:08:25,-97.745188,30.268322,19.2,167.2,127,,4.9
2016-07-05 03:08:26,-97.745176,30.268364,24.0,167.2,127,,4.9
2016-07-05 03:08:27,-97.745167,30.268396,27.6,167.8,127,,4.6
2016-07-05 03:08:28,-97.74516,30.268428,31.3,167.8,128,,4.3
2016-07-05 03:08:29,-97.745154,30.268448,33.5,167.8,128,,3.8
2016-07-05 03:08:30,-97.745147,30.268462,35.1,167.8,127,,3.2
2016-07-05 03:08:31,-97.745142,30.268467,35.7,167.8,128,,2.3
2016-07-05 03:08:32,-97.745144,30.268467,35.7,167.8,128,,1.6
2016-07-05 03:08:33,-97.745146,30.268479,35.9,167.8,128,,0.9
2016-07-05 03:09:04,-97.74522,30.268596,35.9,168.4,115,,0.0
2016-07-05 03:09:05,-97.745215,30.26861,37.5,168.4,117,,0.1
2016-07-05 03:09:06,-97.74521,30.26863,39.7,170.2,119,,0.1
2016-07-05 03:09:07,-97.745206,30.268661,43.1,170.2,119,,0.2
2016-07-05 03:09:08,-97.745199,30.268698,47.2,170.2,120,,0.3
2016-07-05 03:09:09,-97.745194,30.26874,52.0,170.2,121,,0.3
2016-07-05 03:09:10,-97.745188,30.268779,56.3,170.2,122,,3.8
2016-07-05 03:09:11,-97.745172,30.268826,61.7,168.6,123,,4.4
2016-07-05 03:09:12,-97.745157,30.268862,65.9,168.6,124,,4.6
2016-07-05 03:09:13,-97.745137,30.268899,70.4,168.8,126,,4.6
2016-07-05 03:09:14,-97.745123,30.268939,75.1,168.8,127,,4.6
2016-07-05 03:09:15,-97.74511,30.268985,80.4,169.0,130,,4.8
2016-07-05 03:09:16,-97.745096,30.269031,85.7,169.4,130,,4.8
2016-07-05 03:09:17,-97.745082,30.269077,90.9,169.6,133,,5.0
2016-07-05 03:09:18,-97.745069,30.269126,96.5,169.8,134,,5.2
2016-07-05 03:09:19,-97.745059,30.269168,101.2,170.2,136,,5.2
2016-07-05 03:09:20,-97.745047,30.269215,106.5,170.4,137,,5.2
2016-07-05 03:09:21,-97.745037,30.269257,111.3,170.6,138,,5.1
2016-07-05 03:09:22,-97.745028,30.269295,115.6,170.8,140,,4.9
2016-07-05 03:09:23,-97.745014,30.269342,120.9,171.4,141,,4.9
2016-07-05 03:09:24,-97.744988,30.269383,126.1,171.6,142,,5.0
2016-07-05 03:09:25,-97.744969,30.269426,131.2,172.0,142,,4.9
2016-07-05 03:09:26,-97.744954,30.269468,136.1,172.4,143,,5.0
2016-07-05 03:09:27,-97.744941,30.269507,140.6,172.6,144,,5.0
2016-07-05 03:09:28,-97.744931,30.269543,144.7,172.8,145,,4.8
2016-07-05 03:09:29,-97.74492,30.269581,149.1,173.2,145,,4.6
2016-07-05 03:09:30,-97.744912,30.269616,153.0,173.4,146,,4.4
2016-07-05 03:09:31,-97.744903,30.26965,156.8,173.6,146,,4.1
2016-07-05 03:09:32,-97.744894,30.269679,160.2,173.8,147,,3.9
2016-07-05 03:09:33,-97.744885,30.269711,163.8,174.0,148,,3.8
2016-07-05 03:09:34,-97.744878,30.269739,167.0,174.2,148,,3.6
2016-07-05 03:09:35,-97.74487,30.269768,170.3,174.4,149,,3.5
2016-07-05 03:09:36,-97.744859,30.269802,174.2,174.4,149,,3.5
2016-07-05 03:09:37,-97.744852,30.269836,177.9,174.6,150,,3.5
2016-07-05 03:09:38,-97.744845,30.269873,182.1,174.8,150,,3.7
2016-07-05 03:09:39,-97.744833,30.269911,186.4,175.0,150,,3.9
2016-07-05 03:09:40,-97.744825,30.269946,190.4,175.2,150,,4.0
2016-07-05 03:09:41,-97.744811,30.269983,194.7,175.6,150,,4.1
2016-07-05 03:09:42,-97.744794,30.270016,198.6,176.0,151,,4.1
2016-07-05 03:09:43,-97.744777,30.270053,203.1,176.2,151,,4.2
2016-07-05 03:09:44,-97.74476,30.27009,207.5,176.4,151,,4.2
2016-07-05 03:09:45,-97.74474,30.27012,211.3,176.6,151,,4.2
2016-07-05 03:09:46,-97.744718,30.27014,214.4,176.8,152,,3.9
2016-07-05 03:09:47,-97.744695,30.270156,217.2,177.0,152,,3.7
2016-07-05 03:09:48,-97.744683,30.270172,219.2,177.0,152,,3.2
2016-07-05 03:09:49,-97.744674,30.270188,221.2,177.2,152,,2.7
2016-07-05 03:09:50,-97.744663,30.270202,223.0,177.0,152,,2.3
2016-07-05 03:09:51,-97.744654,30.270215,224.6,177.0,152,,2.0
2016-07-05 03:09:52,-97.744646,30.270224,225.9,177.0,152,,1.7
2016-07-05 03:09:53,-97.744639,30.270234,227.1,177.0,152,,1.6
2016-07-05 03:09:54,-97.744635,30.270239,227.8,177.2,152,,1.3
2016-07-05 03:09:55,-97.744632,30.270246,228.6,177.2,151,,1.1
2016-07-05 03:09:56,-97.744634,30.270255,229.6,177.4,151,,1.0
2016-07-05 03:09:57,-97.744631,30.270263,230.6,177.4,150,,0.9
2016-07-05 03:09:58,-97.744628,30.270271,231.5,177.4,149,,0.9
2016-07-05 03:09:59,-97.744621,30.270283,232.9,177.4,148,,1.0
2016-07-05 03:10:00,-97.744616,30.270291,233.9,177.4,147,,1.1
2016-07-05 03:10:01,-97.744617,30.270289,233.9,177.4,146,,0.9
2016-07-05 03:10:06,-97.744592,30.270367,233.9,177.6,145,,0.0
2016-07-05 03:10:07,-97.744585,30.270386,236.1,177.6,144,,0.4
2016-07-05 03:10:08,-97.744575,30.270409,238.8,177.6,143,,0.7
2016-07-05 03:10:09,-97.744563,30.270442,242.6,177.6,142,,1.1
2016-07-05 03:10:10,-97.74455,30.270475,246.5,177.6,141,,1.4
2016-07-05 03:10:11,-97.744536,30.270515,251.1,177.6,141,,1.4
2016-07-05 03:10:12,-97.744526,30.27055,255.1,177.6,140,,3.8
2016-07-05 03:10:13,-97.744515,30.270587,259.4,177.6,140,,4.1
2016-07-05 03:10:14,-97.744505,30.27062,263.1,177.6,141,,4.1
2016-07-05 03:10:15,-97.744498,30.27065,266.5,177.8,141,,4.0
2016-07-05 03:10:16,-97.744491,30.270679,269.9,177.8,142,,3.8
2016-07-05 03:10:17,-97.74448,30.270719,274.4,177.8,143,,3.9
2016-07-05 03:10:18,-97.744466,30.270761,279.2,178.0,143,,4.0
2016-07-05 03:10:19,-97.744451,30.270806,284.4,178.2,143,,4.3
2016-07-05 03:10:20,-97.744435,30.270849,289.4,178.2,144,,4.6
2016-07-05 03:10:21,-97.744416,30.270886,294.0,178.4,144,,4.8
2016-07-05 03:10:22,-97.744399,30.270921,298.1,178.4,145,,4.7
2016-07-05 03:10:23,-97.744375,30.270961,303.1,178.6,145,,4.8
2016-07-05 03:10:24,-97.744353,30.270994,307.3,178.4,146,,4.6
2016-07-05 03:10:25,-97.744333,30.271025,311.3,178.6,146,,4.4
2016-07-05 03:10:26,-97.744318,30.271053,314.7,178.8,147,,4.1
2016-07-05 03:10:27,-97.744303,30.271083,318.3,178.8,147,,4.0
2016-07-05 03:10:28,-97.744289,30.271113,322.0,178.8,147,,3.8
2016-07-05 03:10:29,-97.744273,30.271148,326.1,179.0,147,,3.8
2016-07-05 03:10:30,-97.744261,30.271178,329.5,179.2,146,,3.6
2016-07-05 03:10:31,-97.74425,30.271203,332.5,179.2,145,,3.6
2016-07-05 03:10:32,-97.744241,30.271224,335.1,179.4,145,,3.4
2016-07-05 03:10:33,-97.744234,30.271244,337.4,179.6,145,,3.1
2016-07-05 03:10:34,-97.744228,30.271262,339.4,179.6,145,,2.7
2016-07-05 03:10:35,-97.744223,30.271277,341.1,179.6,145,,2.3
2016-07-05 03:10:36,-97.744216,30.271297,343.5,179.8,145,,2.2
2016-07-05 03:10:37,-97.74421,30.271311,345.2,179.8,144,,2.0
2016-07-05 03:10:38,-97.744206,30.271326,346.8,179.8,144,,1.9
2016-07-05 03:10:39,-97.7442,30.27134,348.4,180.0,144,,1.8
2016-07-05 03:10:40,-97.744194,30.271352,349.9,180.0,143,,1.8
2016-07-05 03:10:41,-97.744189,30.271369,351.9,180.0,144,,1.7
2016-07-05 03:10:42,-97.744181,30.271389,354.2,180.2,144,,1.8
2016-07-05 03:10:43,-97.74417,30.271415,357.3,180.2,143,,2.1
2016-07-05 03:10:44,-97.744158,30.271443,360.6,180.2,143,,2.4
2016-07-05 03:10:45,-97.744147,30.271473,364.1,180.2,142,,2.8
2016-07-05 03:10:46,-97.744135,30.271504,367.7,180.4,142,,3.2
2016-07-05 03:10:47,-97.744123,30.271535,371.3,180.4,142,,3.4
2016-07-05 03:10:48,-97.74411,30.271572,375.6,180.6,142,,3.7
2016-07-05 03:10:49,-97.744098,30.271613,380.2,180.8,142,,3.9
2016-07-05 03:10:50,-97.744086,30.271651,384.6,180.8,143,,4.1
2016-07-05 03:10:51,-97.744072,30.271689,389.1,181.0,143,,4.3
2016-07-05 03:10:52,-97.744061,30.271721,392.8,181.0,143,,4.3
2016-07-05 03:10:53,-97.744046,30.271759,397.2,180.8,143,,4.3
2016-07-05 03:10:54,-97.74403,30.271797,401.7,181.0,144,,4.3
2016-07-05 03:10:55,-97.744016,30.271832,405.9,181.0,144,,4.3
2016-07-05 03:10:56,-97.743999,30.271869,410.2,181.2,144,,4.2
2016-07-05 03:10:57,-97.743981,30.271902,414.2,181.2,144,,4.3
2016-07-05 03:10:58,-97.743964,30.271936,418.4,181.4,143,,4.2
2016-07-05 03:10:59,-97.743946,30.271975,423.0,181.4,143,,4.3
2016-07-05 03:11:00,-97.743931,30.272009,427.0,181.6,143,,4.2
2016-07-05 03:11:01,-97.743917,30.272041,430.8,181.6,144,,4.1
2016-07-05 03:11:02,-97.743906,30.27207,434.3,181.6,144,,4.0
2016-07-05 03:11:03,-97.743892,30.272104,438.2,181.6,144,,4.0
2016-07-05 03:11:04,-97.743878,30.272131,441.6,181.6,144,,3.7
2016-07-05 03:11:05,-97.743862,30.272164,445.5,181.6,143,,3.7
2016-07-05 03:11:06,-97.743852,30.272194,448.9,181.6,142,,3.6
2016-07-05 03:11:07,-97.743845,30.27222,451.9,181.6,142,,3.5
2016-07-05 03:11:08,-97.743834,30.272253,455.7,181.6,143,,3.5
2016-07-05 03:11:09,-97.743818,30.27229,460.0,181.8,142,,3.7
2016-07-05 03:11:10,-97.743803,30.27233,464.7,182.0,142,,3.8
2016-07-05 03:11:11,-97.743787,30.272371,469.5,182.2,142,,4.1
2016-07-05 03:11:12,-97.743774,30.272407,473.7,182.4,143,,4.4
2016-07-05 03:11:13,-97.743759,30.27245,478.6,182.6,143,,4.6
2016-07-05 03:11:14,-97.743745,30.27249,483.3,182.6,144,,4.7
2016-07-05 03:11:15,-97.743727,30.272532,488.2,182.8,145,,4.7
2016-07-05 03:11:16,-97.743712,30.272571,492.8,182.8,145,,4.7
2016-07-05 03:11:17,-97.743697,30.272613,497.7,182.8,146,,4.8
2016-07-05 03:11:18,-97.74368,30.272656,502.8,183.0,147,,4.8
2016-07-05 03:11:19,-97.743665,30.2727,507.8,183.0,148,,4.9
2016-07-05 03:11:20,-97.743648,30.272741,512.6,183.0,148,,4.9
2016-07-05 03:11:21,-97.743632,30.272782,517.5,183.0,149,,4.9
2016-07-05 03:11:22,-97.743618,30.272817,521.6,183.0,150,,4.8
2016-07-05 03:11:23,-97.743601,30.272863,526.9,183.2,150,,4.8
2016-07-05 03:11:24,-97.743585,30.272908,532.1,183.0,150,,4.9
2016-07-05 03:11:25,-97.743569,30.272953,537.4,183.0,151,,5.0
2016-07-05 03:11:26,-97.743552,30.273,542.8,183.0,151,,5.1
2016-07-05 03:11:27,-97.743537,30.273041,547.7,183.0,151,,5.2
2016-07-05 03:11:28,-97.743523,30.273078,551.9,182.8,151,,5.0
2016-07-05 03:11:29,-97.743509,30.273112,555.9,182.6,150,,4.8
2016-07-05 03:11:30,-97.7435,30.273137,558.8,182.6,150,,4.3
2016-07-05 03:11:31,-97.74349,30.273157,561.2,182.4,148,,3.7
2016-07-05 03:11:32,-97.743482,30.273171,563.0,182.2,148,,3.1
2016-07-05 03:11:33,-97.743471,30.273187,565.0,182.0,146,,2.6
2016-07-05 03:11:34,-97.743464,30.273199,566.5,182.0,145,,2.1
2016-07-05 03:11:35,-97.743458,30.273211,568.0,181.8,143,,1.8
2016-07-05 03:11:36,-97.743454,30.273221,569.2,181.8,141,,1.6
2016-07-05 03:11:37,-97.743453,30.273227,569.8,181.8,140,,1.4
2016-07-05 03:11:38,-97.743453,30.273226,569.8,181.6,139,,1.0
2016-07-05 03:12:03,-97.743425,30.273254,569.8,181.4,129,,0.0
2016-07-05 03:12:04,-97.743415,30.273272,571.9,181.4,129,,0.1
2016-07-05 03:12:05,-97.743403,30.27331,576.4,181.4,128,,0.2
2016-07-05 03:12:06,-97.743392,30.273345,580.4,181.4,127,,0.4
2016-07-05 03:12:07,-97.74338,30.273381,584.4,181.4,125,,0.5
2016-07-05 03:12:08,-97.743365,30.273423,589.4,181.4,125,,0.5
2016-07-05 03:12:09,-97.743348,30.273469,594.7,181.4,124,,0.5
2016-07-05 03:12:10,-97.743334,30.273509,599.3,181.4,124,,4.6
2016-07-05 03:12:11,-97.743318,30.273555,604.7,181.2,124,,4.9
2016-07-05 03:12:12,-97.743305,30.273591,608.8,181.0,125,,4.9
2016-07-05 03:12:13,-97.743288,30.273636,614.1,180.8,126,,4.9
2016-07-05 03:12:14,-97.743272,30.273682,619.4,180.6,127,,4.9
2016-07-05 03:12:15,-97.743257,30.273725,624.4,180.2,128,,5.0
2016-07-05 03:12:16,-97.743243,30.273767,629.3,180.0,129,,4.9
2016-07-05 03:12:17,-97.743225,30.273814,634.8,180.0,129,,5.2
2016-07-05 03:12:18,-97.743209,30.273861,640.2,180.0,129,,5.2
2016-07-05 03:12:19,-97.743192,30.273904,645.3,180.4,129,,5.2
2016-07-05 03:12:20,-97.743175,30.273952,650.8,180.6,130,,5.3
2016-07-05 03:12:21,-97.743161,30.274001,656.4,180.8,131,,5.4
2016-07-05 03:12:22,-97.743147,30.274043,661.2,181.2,132,,5.3
2016-07-05 03:12:23,-97.743128,30.274097,667.5,181.6,133,,5.5
2016-07-05 03:12:24,-97.74311,30.274147,673.3,181.8,134,,5.6
2016-07-05 03:12:25,-97.74309,30.274199,679.3,182.2,135,,5.7
2016-07-05 03:12:26,-97.743072,30.27425,685.3,182.4,136,,5.8
2016-07-05 03:12:27,-97.743055,30.274299,690.9,182.6,137,,5.9
2016-07-05 03:12:28,-97.743038,30.274346,696.4,182.6,138,,5.8
2016-07-05 03:12:29,-97.743015,30.274404,703.2,182.8,140,,6.0
2016-07-05 03:12:30,-97.742993,30.274455,709.2,183.0,141,,6.0
2016-07-05 03:12:31,-97.742973,30.274508,715.4,183.0,141,,6.0
2016-07-05 03:12:32,-97.742954,30.274557,721.2,183.0,142,,6.1
2016-07-05 03:12:33,-97.742931,30.274614,727.8,183.0,143,,6.3
2016-07-05 03:12:34,-97.742909,30.274669,734.3,182.8,143,,6.2
2016-07-05 03:12:35,-97.742886,30.27473,741.4,182.6,143,,6.4
2016-07-05 03:12:36,-97.742867,30.274783,747.5,182.4,143,,6.4
2016-07-05 03:12:37,-97.742845,30.27484,754.2,182.2,143,,6.6
2016-07-05 03:12:38,-97.742821,30.274905,761.8,182.0,143,,6.8
2016-07-05 03:12:39,-97.742799,30.274965,768.8,181.8,143,,6.9
2016-07-05 03:12:40,-97.742777,30.275021,775.3,181.8,142,,6.8
2016-07-05 03:12:41,-97.742753,30.275084,782.7,181.6,141,,7.0
2016-07-05 03:12:42,-97.742734,30.27514,789.1,181.4,140,,7.0
2016-07-05 03:12:43,-97.74271,30.275204,796.6,181.4,138,,7.0
2016-07-05 03:12:44,-97.742686,30.275268,804.1,181.0,138,,7.1
2016-07-05 03:12:45,-97.742662,30.275332,811.5,180.8,137,,7.2
2016-07-05 03:12:46,-97.742639,30.275393,818.6,180.8,136,,7.2
2016-07-05 03:12:47,-97.742616,30.275453,825.7,180.8,136,,7.3
2016-07-05 03:12:48,-97.74259,30.275524,834.0,180.6,135,,7.5
2016-07-05 03:12:49,-97.742562,30.275588,841.5,180.6,135,,7.5
2016-07-05 03:12:50,-97.742535,30.275652,849.1,181.0,134,,7.5
2016-07-05 03:12:51,-97.742512,30.275715,856.4,181.0,133,,7.6
2016-07-05 03:12:52,-97.742492,30.275772,863.1,181.2,132,,7.5
2016-07-05 03:12:53,-97.742466,30.275838,870.7,181.0,130,,7.3
2016-07-05 03:12:54,-97.742445,30.275894,877.3,180.6,130,,7.2
2016-07-05 03:12:55,-97.742422,30.275954,884.3,180.2,129,,7.0
2016-07-05 03:12:56,-97.742401,30.276014,891.2,180.0,129,,7.0
2016-07-05 03:12:57,-97.74238,30.276067,897.4,180.0,130,,6.9
2016-07-05 03:12:58,-97.742361,30.276122,903.8,180.2,130,,6.6
2016-07-05 03:12:59,-97.742339,30.276182,910.8,180.4,130,,6.7
2016-07-05 03:13:00,-97.742317,30.276242,917.8,180.2,130,,6.7
2016-07-05 03:13:01,-97.742294,30.276301,924.6,180.0,131,,6.7
2016-07-05 03:13:02,-97.742275,30.276356,931.0,179.8,131,,6.7
2016-07-05 03:13:03,-97.742254,30.276415,937.9,179.6,130,,6.8
2016-07-05 03:13:04,-97.742231,30.276471,944.5,179.6,130,,6.7
2016-07-05 03:13:05,-97.742206,30.276531,951.6,180.4,129,,6.8
2016-07-05 03:13:06,-97.742189,30.276581,957.3,180.6,129,,6.5
2016-07-05 03:13:07,-97.742175,30.276627,962.6,180.6,129,,6.3
2016-07-05 03:13:08,-97.742158,30.276684,969.1,181.0,129,,6.2
2016-07-05 03:13:09,-97.742141,30.276738,975.3,180.8,129,,6.2
2016-07-05 03:13:10,-97.742122,30.276789,981.3,180.6,129,,5.9
2016-07-05 03:13:11,-97.7421,30.276847,988.0,180.4,129,,6.1
2016-07-05 03:13:12,-97.742081,30.276899,994.1,180.6,130,,6.3
2016-07-05 03:13:13,-97.742061,30.276958,1000.8,180.0,130,,6.3
2016-07-05 03:13:14,-97.742043,30.277012,1007.1,180.0,130,,6.4
2016-07-05 03:13:15,-97.742025,30.277066,1013.3,179.8,132,,6.4
2016-07-05 03:13:16,-97.74201,30.277118,1019.2,179.8,132,,6.2
2016-07-05 03:13:17,-97.741994,30.277172,1025.5,179.8,132,,6.3
2016-07-05 03:13:18,-97.741982,30.277218,1030.7,179.6,132,,6.0
2016-07-05 03:13:19,-97.741975,30.277248,1034.1,179.6,132,,5.4
2016-07-05 03:13:20,-97.74197,30.277271,1036.7,179.6,132,,4.7
2016-07-05 03:13:21,-97.741966,30.277288,1038.6,180.0,132,,3.9
2016-07-05 03:13:22,-97.741963,30.277299,1039.8,180.2,133,,2.9
2016-07-05 03:13:23,-97.74196,30.277311,1041.2,180.4,133,,2.1
2016-07-05 03:13:24,-97.741957,30.277321,1042.4,180.8,133,,1.7
2016-07-05 03:13:25,-97.741953,30.277331,1043.6,180.8,132,,1.4
2016-07-05 03:13:26,-97.74195,30.27734,1044.6,180.8,131,,1.2
2016-07-05 03:13:27,-97.741951,30.277338,1044.6,180.8,130,,1.0
2016-07-05 03:14:08,-97.741894,30.277389,1044.6,173.8,120,,0.0
2016-07-05 03:14:09,-97.741886,30.27741,1047.0,173.6,121,,0.1
2016-07-05 03:14:10,-97.741879,30.277429,1049.3,173.6,121,,0.1
2016-07-05 03:14:11,-97.741866,30.277455,1052.3,173.6,122,,0.2
2016-07-05 03:14:12,-97.741851,30.277478,1055.3,173.8,122,,0.2
2016-07-05 03:14:13,-97.741833,30.277505,1058.8,173.8,123,,0.2
2016-07-05 03:14:14,-97.741811,30.277543,1063.5,174.2,124,,3.3
2016-07-05 03:14:15,-97.741788,30.277582,1068.3,174.2,124,,3.8
2016-07-05 03:14:16,-97.741765,30.277621,1073.1,174.6,125,,4.2
2016-07-05 03:14:17,-97.741749,30.277664,1078.2,175.2,126,,4.6
2016-07-05 03:14:18,-97.741733,30.277708,1083.3,175.8,127,,4.9
2016-07-05 03:14:19,-97.741714,30.277754,1088.7,176.6,128,,5.0
2016-07-05 03:14:20,-97.741693,30.277801,1094.2,176.8,130,,5.2
2016-07-05 03:14:21,-97.741676,30.277844,1099.3,177.0,131,,5.2
2016-07-05 03:14:22,-97.74166,30.277883,1103.9,177.0,131,,5.1
2016-07-05 03:14:23,-97.741642,30.277935,1109.9,177.2,133,,5.3
2016-07-05 03:14:24,-97.741623,30.277985,1115.8,177.2,134,,5.4
2016-07-05 03:14:25,-97.741603,30.278036,1121.7,177.4,135,,5.5
2016-07-05 03:14:26,-97.741584,30.278085,1127.4,177.6,136,,5.6
2016-07-05 03:14:27,-97.741567,30.278129,1132.6,178.0,137,,5.7
2016-07-05 03:14:28,-97.741547,30.278185,1139.1,178.2,138,,5.8
2016-07-05 03:14:29,-97.741528,30.278237,1145.1,178.4,138,,5.9
2016-07-05 03:14:30,-97.74151,30.278288,1151.1,178.6,139,,5.9
2016-07-05 03:14:31,-97.741493,30.278337,1156.7,179.0,139,,5.9
2016-07-05 03:14:32,-97.741476,30.278382,1162.0,179.2,140,,5.9
2016-07-05 03:14:33,-97.741457,30.278432,1167.9,179.4,141,,5.8
2016-07-05 03:14:34,-97.74144,30.278479,1173.2,179.6,141,,5.6
2016-07-05 03:14:35,-97.741427,30.278524,1178.5,179.8,142,,5.5
2016-07-05 03:14:36,-97.741412,30.278571,1183.9,180.0,142,,5.4
2016-07-05 03:14:37,-97.741398,30.278615,1188.9,180.2,141,,5.4
2016-07-05 03:14:38,-97.74138,30.278663,1194.5,180.4,142,,5.3
2016-07-05 03:14:39,-97.741363,30.27871,1199.9,180.8,142,,5.3
2016-07-05 03:14:40,-97.741348,30.278752,1204.8,181.2,142,,5.3
2016-07-05 03:14:41,-97.741334,30.2788,1210.3,181.4,142,,5.3
2016-07-05 03:14:42,-97.741321,30.278838,1214.6,181.8,142,,5.1
2016-07-05 03:14:43,-97.741304,30.278882,1219.8,182.2,143,,5.1
2016-07-05 03:14:44,-97.741285,30.278927,1225.2,182.6,143,,5.1
2016-07-05 03:14:45,-97.741268,30.278972,1230.3,182.8,143,,5.1
2016-07-05 03:14:46,-97.741254,30.279013,1235.2,183.0,143,,5.0
2016-07-05 03:14:47,-97.741239,30.279057,1240.2,183.4,144,,5.1
2016-07-05 03:14:48,-97.741223,30.279101,1245.3,183.6,144,,5.1
2016-07-05 03:14:49,-97.741208,30.279146,1250.5,183.8,145,,5.1
2016-07-05 03:14:50,-97.741193,30.27919,1255.6,184.0,145,,5.1
2016-07-05 03:14:51,-97.741179,30.279234,1260.7,184.4,146,,5.1
2016-07-05 03:14:52,-97.741168,30.279272,1265.0,184.4,146,,5.0
2016-07-05 03:14:53,-97.741151,30.279318,1270.3,184.6,147,,5.0
2016-07-05 03:14:54,-97.741138,30.27936,1275.1,184.8,148,,4.9
2016-07-05 03:14:55,-97.741127,30.279399,1279.5,185.0,148,,4.8
2016-07-05 03:14:56,-97.741114,30.279437,1283.9,185.2,148,,4.6
2016-07-05 03:14:57,-97.741103,30.279475,1288.3,185.2,149,,4.7
2016-07-05 03:14:58,-97.74109,30.279511,1292.5,185.2,149,,4.4
2016-07-05 03:14:59,-97.741072,30.27956,1298.2,185.4,150,,4.6
2016-07-05 03:15:00,-97.741057,30.279601,1303.0,185.4,150,,4.7
2016-07-05 03:15:01,-97.741041,30.279641,1307.6,185.8,151,,4.7
2016-07-05 03:15:02,-97.741028,30.279679,1312.0,185.8,151,,4.7
2016-07-05 03:15:03,-97.741013,30.279719,1316.7,186.0,152,,4.8
2016-07-05 03:15:04,-97.741003,30.279756,1320.8,186.6,153,,4.5
2016-07-05 03:15:05,-97.740992,30.279788,1324.6,186.6,153,,4.3
2016-07-05 03:15:06,-97.740978,30.279833,1329.8,186.8,153,,4.4
2016-07-05 03:15:07,-97.740964,30.279873,1334.4,186.8,154,,4.5
2016-07-05 03:15:08,-97.74095,30.279912,1338.9,187.0,154,,4.4
2016-07-05 03:15:09,-97.740936,30.279951,1343.5,187.2,153,,4.5
2016-07-05 03:15:10,-97.740922,30.279987,1347.7,187.4,154,,4.6
2016-07-05 03:15:11,-97.740906,30.280028,1352.4,187.6,153,,4.5
2016-07-05 03:15:12,-97.740894,30.280064,1356.5,188.0,154,,4.4
2016-07-05 03:15:13,-97.74088,30.280103,1361.2,188.2,154,,4.5
2016-07-05 03:15:14,-97.740867,30.280142,1365.6,188.2,154,,4.4
2016-07-05 03:15:15,-97.740853,30.280179,1369.9,188.0,155,,4.4
2016-07-05 03:15:16,-97.740842,30.280216,1374.2,188.0,155,,4.4
2016-07-05 03:15:17,-97.740831,30.280255,1378.6,188.0,156,,4.4
2016-07-05 03:15:18,-97.740818,30.280296,1383.3,188.2,156,,4.4
2016-07-05 03:15:19,-97.740806,30.280339,1388.2,188.2,156,,4.5
2016-07-05 03:15:20,-97.740797,30.280377,1392.5,188.4,156,,4.5
2016-07-05 03:15:21,-97.740788,30.280412,1396.5,188.8,157,,4.5
2016-07-05 03:15:22,-97.740778,30.280442,1399.9,188.8,157,,4.3
2016-07-05 03:15:23,-97.740764,30.280481,1404.5,188.8,157,,4.2
2016-07-05 03:15:24,-97.74075,30.280526,1409.6,189.0,158,,4.3
2016-07-05 03:15:25,-97.740739,30.28057,1414.7,189.0,158,,4.4
2016-07-05 03:15:26,-97.740729,30.280616,1419.8,189.2,159,,4.7
2016-07-05 03:15:27,-97.740717,30.280655,1424.3,189.4,160,,4.9
2016-07-05 03:15:28,-97.740703,30.280693,1428.7,189.6,160,,4.8
2016-07-05 03:15:29,-97.740689,30.280731,1433.1,189.8,160,,4.7
2016-07-05 03:15:30,-97.740672,30.28077,1437.6,190.2,159,,4.6
2016-07-05 03:15:31,-97.740658,30.280806,1441.9,190.4,159,,4.4
2016-07-05 03:15:32,-97.740646,30.28084,1445.9,190.4,158,,4.3
2016-07-05 03:15:33,-97.74063,30.280876,1450.1,190.6,158,,4.3
2016-07-05 03:15:34,-97.740615,30.280908,1454.0,190.6,157,,4.2
2016-07-05 03:15:35,-97.740602,30.280943,1458.0,190.6,156,,4.1
2016-07-05 03:15:36,-97.740591,30.280972,1461.4,190.6,155,,3.9
2016-07-05 03:15:37,-97.740582,30.280994,1464.0,190.6,155,,3.6
2016-07-05 03:15:38,-97.74057,30.281014,1466.5,190.6,154,,3.3
2016-07-05 03:15:39,-97.740563,30.28103,1468.4,190.4,153,,2.9
2016-07-05 03:15:40,-97.740559,30.281043,1469.9,190.2,151,,2.4
2016-07-05 03:15:41,-97.740555,30.281057,1471.5,190.0,150,,2.0
2016-07-05 03:15:42,-97.74055,30.281067,1472.7,190.0,148,,1.7
2016-07-05 03:15:43,-97.740546,30.281077,1473.8,189.8,147,,1.5
2016-07-05 03:15:44,-97.740542,30.281084,1474.7,189.8,147,,1.3
2016-07-05 03:15:45,-97.740543,30.281083,1474.7,189.8,147,,1.0
2016-07-05 03:16:16,-97.740511,30.281116,1474.7,189.2,136,,0.0
2016-07-05 03:16:17,-97.740506,30.281133,1476.6,189.4,135,,0.1
2016-07-05 03:16:18,-97.740496,30.281164,1480.2,189.4,133,,0.2
2016-07-05 03:16:19,-97.740486,30.281202,1484.5,189.6,131,,0.3
2016-07-05 03:16:20,-97.74048,30.281238,1488.6,189.4,130,,0.4
2016-07-05 03:16:21,-97.740485,30.281284,1493.7,189.4,130,,0.4
2016-07-05 03:16:22,-97.740504,30.281322,1498.2,189.4,130,,4.3
2016-07-05 03:16:23,-97.740544,30.281365,1504.4,189.4,131,,4.8
2016-07-05 03:16:24,-97.7406,30.281402,1511.2,189.2,131,,5.3
2016-07-05 03:16:25,-97.740656,30.281425,1517.1,189.2,132,,5.7
2016-07-05 03:16:26,-97.740719,30.281446,1523.6,189.2,132,,6.0
2016-07-05 03:16:27,-97.740779,30.281465,1529.8,189.2,132,,6.3
2016-07-05 03:16:28,-97.740845,30.281483,1536.4,189.0,132,,6.4
2016-07-05 03:16:29,-97.740918,30.281502,1543.7,189.2,132,,6.5
2016-07-05 03:16:30,-97.740985,30.281519,1550.5,189.0,132,,6.7
2016-07-05 03:16:31,-97.741053,30.281538,1557.4,188.8,132,,6.8
2016-07-05 03:16:32,-97.741118,30.281555,1563.9,188.8,132,,6.8
2016-07-05 03:16:33,-97.741194,30.281576,1571.5,188.8,132,,7.0
2016-07-05 03:16:34,-97.741257,30.281593,1577.9,188.8,132,,6.8
2016-07-05 03:16:35,-97.741328,30.281613,1585.1,188.8,132,,6.9
2016-07-05 03:16:36,-97.741392,30.281633,1591.6,188.8,131,,6.8
2016-07-05 03:16:37,-97.74145,30.28165,1597.5,188.6,131,,6.7
2016-07-05 03:16:38,-97.741516,30.281669,1604.3,188.4,131,,6.6
2016-07-05 03:16:39,-97.741588,30.281687,1611.4,188.0,131,,6.7
2016-07-05 03:16:40,-97.741649,30.281704,1617.6,187.8,131,,6.5
2016-07-05 03:16:41,-97.741726,30.281726,1625.4,187.6,131,,6.8
2016-07-05 03:16:42,-97.741785,30.281749,1631.6,187.4,131,,6.8
2016-07-05 03:16:43,-97.741839,30.281785,1638.2,187.0,131,,6.8
2016-07-05 03:16:44,-97.741878,30.281835,1644.9,186.8,131,,6.7
2016-07-05 03:16:45,-97.741905,30.281893,1651.7,186.6,131,,6.8
2016-07-05 03:16:46,-97.74193,30.281946,1658.1,186.2,131,,6.5
2016-07-05 03:16:47,-97.741952,30.282007,1665.2,185.8,131,,6.7
2016-07-05 03:16:48,-97.741965,30.282068,1672.1,185.6,131,,6.8
2016-07-05 03:16:49,-97.741972,30.28213,1679.0,185.4,131,,6.8
2016-07-05 03:16:50,-97.741974,30.282192,1685.9,185.4,131,,6.8
2016-07-05 03:16:51,-97.741969,30.282253,1692.7,185.2,131,,6.9
2016-07-05 03:16:52,-97.741962,30.282305,1698.5,185.2,130,,6.7
2016-07-05 03:16:53,-97.741955,30.282371,1705.8,185.2,131,,6.7
2016-07-05 03:16:54,-97.741951,30.282433,1712.6,185.4,131,,6.7
2016-07-05 03:16:55,-97.741944,30.282495,1719.6,185.4,131,,6.7
2016-07-05 03:16:56,-97.741937,30.282551,1725.8,185.4,131,,6.6
2016-07-05 03:16:57,-97.74193,30.282604,1731.8,185.4,132,,6.7
2016-07-05 03:16:58,-97.741923,30.282665,1738.6,185.6,132,,6.6
2016-07-05 03:16:59,-97.741918,30.282728,1745.6,185.6,133,,6.6
2016-07-05 03:17:00,-97.741913,30.282789,1752.3,185.6,133,,6.5
2016-07-05 03:17:01,-97.741909,30.282849,1759.0,185.6,133,,6.6
2016-07-05 03:17:02,-97.741904,30.282905,1765.2,185.8,134,,6.7
2016-07-05 03:17:03,-97.741898,30.282961,1771.5,186.0,135,,6.6
2016-07-05 03:17:04,-97.74189,30.283024,1778.5,186.0,135,,6.6
2016-07-05 03:17:05,-97.741884,30.283085,1785.2,186.4,136,,6.6
2016-07-05 03:17:06,-97.741879,30.283144,1791.8,186.4,137,,6.6
2016-07-05 03:17:07,-97.741875,30.283197,1797.7,186.4,138,,6.5
2016-07-05 03:17:08,-97.741869,30.283254,1804.0,186.4,139,,6.5
2016-07-05 03:17:09,-97.741862,30.283315,1810.8,186.6,139,,6.5
2016-07-05 03:17:10,-97.741856,30.283371,1817.1,186.8,140,,6.4
2016-07-05 03:17:11,-97.741849,30.283428,1823.4,187.0,142,,6.3
2016-07-05 03:17:12,-97.741844,30.283479,1829.1,187.2,143,,6.3
2016-07-05 03:17:13,-97.741841,30.283538,1835.6,187.4,143,,6.3
2016-07-05 03:17:14,-97.741836,30.283597,1842.3,187.4,145,,6.3
2016-07-05 03:17:15,-97.741831,30.283655,1848.6,187.4,146,,6.3
2016-07-05 03:17:16,-97.741826,30.283706,1854.4,187.4,147,,6.2
2016-07-05 03:17:17,-97.741819,30.28376,1860.4,187.6,147,,6.3
2016-07-05 03:17:18,-97.741814,30.283817,1866.7,187.8,148,,6.2
2016-07-05 03:17:19,-97.74181,30.283866,1872.1,187.8,149,,6.0
2016-07-05 03:17:20,-97.741806,30.283922,1878.4,187.8,149,,6.0
2016-07-05 03:17:21,-97.741799,30.283978,1884.6,188.2,150,,6.0
2016-07-05 03:17:22,-97.741791,30.284023,1889.7,188.2,151,,5.9
2016-07-05 03:17:23,-97.741785,30.284079,1895.9,188.4,151,,5.8
2016-07-05 03:17:24,-97.741777,30.284135,1902.1,188.4,152,,6.0
2016-07-05 03:17:25,-97.741774,30.284189,1908.1,188.4,153,,5.9
2016-07-05 03:17:26,-97.741769,30.284241,1913.9,188.4,154,,5.9
2016-07-05 03:17:27,-97.741765,30.28429,1919.4,188.8,154,,5.9
2016-07-05 03:17:28,-97.74176,30.284343,1925.2,189.0,155,,5.9
2016-07-05 03:17:29,-97.741753,30.2844,1931.6,189.2,156,,5.9
2016-07-05 03:17:30,-97.741748,30.284452,1937.4,189.6,156,,5.9
2016-07-05 03:17:31,-97.741743,30.284503,1943.1,189.8,157,,5.8
2016-07-05 03:17:32,-97.741737,30.284551,1948.4,190.0,157,,5.8
2016-07-05 03:17:33,-97.741734,30.284605,1954.4,190.2,158,,5.8
2016-07-05 03:17:34,-97.741727,30.284658,1960.3,190.2,158,,5.7
2016-07-05 03:17:35,-97.741719,30.284714,1966.6,190.4,158,,5.8
2016-07-05 03:17:36,-97.741715,30.284769,1972.7,190.6,158,,5.9
2016-07-05 03:17:37,-97.741711,30.28482,1978.3,190.8,159,,6.0
2016-07-05 03:17:38,-97.741709,30.284869,1983.8,190.8,159,,5.9
2016-07-05 03:17:39,-97.741704,30.284926,1990.1,191.0,159,,6.0
2016-07-05 03:17:40,-97.741699,30.284975,1995.6,191.2,159,,5.8
2016-07-05 03:17:41,-97.741695,30.285027,2001.4,191.2,160,,5.7
2016-07-05 03:17:42,-97.74169,30.285071,2006.2,191.4,160,,5.6
2016-07-05 03:17:43,-97.741687,30.285128,2012.5,191.4,161,,5.7
2016-07-05 03:17:44,-97.741683,30.285181,2018.4,191.6,161,,5.7
2016-07-05 03:17:45,-97.741678,30.285229,2023.8,191.8,161,,5.6
2016-07-05 03:17:46,-97.741673,30.285279,2029.3,192.0,161,,5.6
2016-07-05 03:17:47,-97.741668,30.285327,2034.7,192.2,162,,5.7
2016-07-05 03:17:48,-97.741664,30.28538,2040.6,192.2,162,,5.6
2016-07-05 03:17:49,-97.741659,30.28543,2046.1,192.2,162,,5.5
2016-07-05 03:17:50,-97.741654,30.285478,2051.5,192.2,163,,5.5
2016-07-05 03:17:51,-97.741647,30.285532,2057.5,192.4,163,,5.6
2016-07-05 03:17:52,-97.741643,30.285578,2062.6,192.2,163,,5.6
2016-07-05 03:17:53,-97.741639,30.285632,2068.6,192.4,162,,5.6
2016-07-05 03:17:54,-97.741633,30.285684,2074.4,192.4,162,,5.7
2016-07-05 03:17:55,-97.741626,30.285731,2079.7,192.4,162,,5.6
2016-07-05 03:17:56,-97.741622,30.285777,2084.7,192.6,161,,5.4
2016-07-05 03:17:57,-97.741617,30.285826,2090.2,192.6,161,,5.5
2016-07-05 03:17:58,-97.741615,30.28587,2095.1,192.4,160,,5.3
2016-07-05 03:17:59,-97.741611,30.285923,2101.0,192.4,159,,5.3
2016-07-05 03:18:00,-97.741604,30.28597,2106.2,192.6,159,,5.3
2016-07-05 03:18:01,-97.7416,30.28602,2111.8,192.6,159,,5.4
2016-07-05 03:18:02,-97.741595,30.286066,2116.9,192.6,159,,5.3
2016-07-05 03:18:03,-97.74159,30.286118,2122.7,192.6,159,,5.5
2016-07-05 03:18:04,-97.741588,30.286166,2128.0,192.8,159,,5.4
2016-07-05 03:18:05,-97.741587,30.28622,2134.0,192.8,160,,5.6
2016-07-05 03:18:06,-97.741583,30.286255,2137.9,193.0,161,,5.2
2016-07-05 03:18:07,-97.741578,30.286314,2144.5,193.0,161,,5.5
2016-07-05 03:18:08,-97.741574,30.286365,2150.2,193.0,162,,5.5
2016-07-05 03:18:09,-97.741568,30.286416,2155.9,193.0,163,,5.6
2016-07-05 03:18:10,-97.741562,30.286463,2161.0,193.2,163,,5.4
2016-07-05 03:18:11,-97.741557,30.286515,2166.8,193.2,163,,5.8
2016-07-05 03:18:12,-97.741552,30.286562,2172.1,193.4,163,,5.5
2016-07-05 03:18:13,-97.741547,30.286614,2177.9,193.6,163,,5.5
2016-07-05 03:18:14,-97.741542,30.286661,2183.1,193.4,163,,5.4
2016-07-05 03:18:15,-97.74154,30.28671,2188.5,193.2,163,,5.5
2016-07-05 03:18:16,-97.741537,30.286757,2193.7,193.4,163,,5.4
2016-07-05 03:18:17,-97.741533,30.286803,2198.9,193.4,163,,5.4
2016-07-05 03:18:18,-97.741531,30.286853,2204.4,193.6,163,,5.3
2016-07-05 03:18:19,-97.741526,30.286902,2209.9,193.8,163,,5.4
2016-07-05 03:18:20,-97.741521,30.286949,2215.1,194.2,163,,5.3
2016-07-05 03:18:21,-97.741516,30.287001,2220.8,194.2,162,,5.4
2016-07-05 03:18:22,-97.741512,30.287039,2225.1,194.2,163,,5.2
2016-07-05 03:18:23,-97.741509,30.287094,2231.2,194.2,163,,5.4
2016-07-05 03:18:24,-97.741508,30.287141,2236.3,194.2,163,,5.3
2016-07-05 03:18:25,-97.741505,30.287187,2241.5,194.2,163,,5.3
2016-07-05 03:18:26,-97.7415,30.287233,2246.6,194.2,163,,5.2
2016-07-05 03:18:27,-97.741496,30.287279,2251.7,194.2,162,,5.3
2016-07-05 03:18:28,-97.741493,30.287327,2257.1,194.2,162,,5.2
2016-07-05 03:18:29,-97.741488,30.287377,2262.6,194.4,162,,5.3
2016-07-05 03:18:30,-97.741486,30.287424,2267.9,194.4,161,,5.3
2016-07-05 03:18:31,-97.741484,30.287473,2273.3,194.4,161,,5.3
2016-07-05 03:18:32,-97.741484,30.287518,2278.3,194.6,161,,5.3
2016-07-05 03:18:33,-97.741483,30.287566,2283.6,194.8,161,,5.3
2016-07-05 03:18:34,-97.741486,30.287612,2288.7,194.8,161,,5.2
2016-07-05 03:18:35,-97.74149,30.287654,2293.4,195.0,161,,5.1
2016-07-05 03:18:36,-97.741493,30.287701,2298.6,195.0,160,,5.1
2016-07-05 03:18:37,-97.741495,30.287745,2303.5,195.0,160,,5.0
2016-07-05 03:18:38,-97.741496,30.2878,2309.5,195.0,159,,5.2
2016-07-05 03:18:39,-97.741499,30.287849,2315.0,195.2,159,,5.3
2016-07-05 03:18:40,-97.7415,30.287897,2320.4,195.2,159,,5.4
2016-07-05 03:18:41,-97.741497,30.287951,2326.3,195.2,160,,5.5
2016-07-05 03:18:42,-97.741494,30.287999,2331.6,195.6,160,,5.6
2016-07-05 03:18:43,-97.741487,30.288052,2337.6,195.6,161,,5.6
2016-07-05 03:18:44,-97.741482,30.288106,2343.5,195.8,161,,5.7
2016-07-05 03:18:45,-97.741473,30.288154,2348.9,196.0,161,,5.7
2016-07-05 03:18:46,-97.741469,30.288203,2354.4,196.0,162,,5.6
2016-07-05 03:18:47,-97.741464,30.288256,2360.3,195.8,161,,5.7
2016-07-05 03:18:48,-97.741461,30.288312,2366.5,195.4,161,,5.8
2016-07-05 03:18:49,-97.741456,30.288367,2372.6,195.4,161,,5.8
2016-07-05 03:18:50,-97.74145,30.288419,2378.4,195.4,160,,5.9
2016-07-05 03:18:51,-97.741444,30.28847,2384.1,195.4,160,,5.9
2016-07-05 03:18:52,-97.74144,30.288515,2389.1,195.4,160,,5.8
2016-07-05 03:18:53,-97.741432,30.288571,2395.4,195.4,160,,5.8
2016-07-05 03:18:54,-97.741426,30.288624,2401.3,195.6,161,,5.7
2016-07-05 03:18:55,-97.741418,30.288678,2407.3,195.6,161,,5.8
2016-07-05 03:18:56,-97.741413,30.288726,2412.6,195.6,161,,5.7
2016-07-05 03:18:57,-97.741408,30.288774,2418.0,195.4,160,,5.8
2016-07-05 03:18:58,-97.741402,30.288823,2423.5,195.6,160,,5.6
2016-07-05 03:18:59,-97.741397,30.288875,2429.2,195.8,159,,5.6
2016-07-05 03:19:00,-97.741392,30.288927,2434.9,196.0,159,,5.5
2016-07-05 03:19:01,-97.741386,30.288967,2439.4,196.2,159,,5.4
2016-07-05 03:19:02,-97.74138,30.289012,2444.5,196.4,159,,5.3
2016-07-05 03:19:03,-97.741376,30.289066,2450.4,196.6,159,,5.4
2016-07-05 03:19:04,-97.741374,30.289113,2455.7,196.8,159,,5.3
2016-07-05 03:19:05,-97.74137,30.289165,2461.5,196.8,159,,5.3
2016-07-05 03:19:06,-97.741368,30.28921,2466.5,197.0,158,,5.4
2016-07-05 03:19:07,-97.741366,30.289261,2472.1,197.2,158,,5.5
2016-07-05 03:19:08,-97.741363,30.289316,2478.2,197.2,158,,5.6
2016-07-05 03:19:09,-97.741358,30.289372,2484.5,197.2,158,,5.8
2016-07-05 03:19:10,-97.741353,30.289423,2490.1,197.2,158,,5.7
2016-07-05 03:19:11,-97.741349,30.289481,2496.5,197.4,158,,6.0
2016-07-05 03:19:12,-97.741338,30.289533,2502.4,197.4,158,,6.1
2016-07-05 03:19:13,-97.741326,30.289584,2508.2,197.4,159,,6.0
2016-07-05 03:19:14,-97.741318,30.289643,2514.8,197.6,160,,6.1
2016-07-05 03:19:15,-97.741313,30.289697,2520.8,197.6,161,,6.1
2016-07-05 03:19:16,-97.741308,30.28975,2526.7,197.6,162,,6.0
2016-07-05 03:19:17,-97.741301,30.289802,2532.4,197.6,162,,6.0
2016-07-05 03:19:18,-97.741293,30.289866,2539.6,197.8,162,,6.3
2016-07-05 03:19:19,-97.741288,30.289922,2545.8,197.8,161,,6.2
2016-07-05 03:19:20,-97.741284,30.289974,2551.6,198.0,162,,6.2
2016-07-05 03:19:21,-97.741281,30.290027,2557.5,198.0,162,,6.2
2016-07-05 03:19:22,-97.741279,30.290073,2562.6,198.0,162,,6.0
2016-07-05 03:19:23,-97.741277,30.290132,2569.1,198.0,163,,5.9
2016-07-05 03:19:24,-97.741275,30.290185,2575.0,198.0,164,,5.8
2016-07-05 03:19:25,-97.741274,30.290232,2580.2,198.0,164,,5.7
2016-07-05 03:19:26,-97.741274,30.290287,2586.2,198.0,164,,5.7
2016-07-05 03:19:27,-97.741273,30.290334,2591.5,198.0,164,,5.8
2016-07-05 03:19:28,-97.74127,30.290383,2597.0,198.0,163,,5.6
2016-07-05 03:19:29,-97.741264,30.29044,2603.3,198.2,162,,5.7
2016-07-05 03:19:30,-97.74126,30.290491,2609.0,198.2,161,,5.8
2016-07-05 03:19:31,-97.741256,30.29054,2614.4,198.2,160,,5.6
2016-07-05 03:19:32,-97.741251,30.290587,2619.6,198.4,159,,5.6
2016-07-05 03:19:33,-97.741246,30.290643,2625.8,198.4,159,,5.8
2016-07-05 03:19:34,-97.741247,30.290694,2631.5,198.6,159,,5.6
2016-07-05 03:19:35,-97.741242,30.290754,2638.1,198.6,159,,5.8
2016-07-05 03:19:36,-97.741233,30.290805,2643.9,198.6,159,,5.9
2016-07-05 03:19:37,-97.741224,30.290854,2649.3,198.8,159,,5.9
2016-07-05 03:19:38,-97.741219,30.290908,2655.3,198.8,159,,5.9
2016-07-05 03:19:39,-97.741218,30.290967,2662.0,198.8,159,,6.1
2016-07-05 03:19:40,-97.741219,30.291015,2667.2,198.8,159,,5.8
2016-07-05 03:19:41,-97.74122,30.291067,2673.0,198.8,160,,5.8
2016-07-05 03:19:42,-97.741218,30.291112,2678.0,198.8,160,,5.7
2016-07-05 03:19:43,-97.741212,30.291161,2683.5,199.0,160,,5.6
2016-07-05 03:19:44,-97.741202,30.291209,2688.8,199.0,159,,5.4
2016-07-05 03:19:45,-97.741194,30.291254,2693.9,199.0,158,,5.3
2016-07-05 03:19:46,-97.741188,30.291292,2698.2,199.0,157,,5.0
2016-07-05 03:19:47,-97.741181,30.291333,2702.7,199.2,156,,4.9
2016-07-05 03:19:48,-97.741177,30.291371,2707.0,199.4,154,,4.7
2016-07-05 03:19:49,-97.741173,30.291417,2712.2,199.8,154,,4.7
2016-07-05 03:19:50,-97.74117,30.291458,2716.6,200.2,154,,4.5
2016-07-05 03:19:51,-97.741164,30.291501,2721.4,200.4,154,,4.6
2016-07-05 03:19:52,-97.741159,30.291536,2725.4,200.8,154,,4.5
2016-07-05 03:19:53,-97.741153,30.291581,2730.4,201.2,154,,4.7
2016-07-05 03:19:54,-97.741145,30.291628,2735.7,201.2,153,,4.7
2016-07-05 03:19:55,-97.741137,30.291674,2740.8,201.2,153,,4.8
2016-07-05 03:19:56,-97.741129,30.291721,2746.0,201.0,153,,4.9
2016-07-05 03:19:57,-97.741122,30.291762,2750.7,200.8,152,,5.1
2016-07-05 03:19:58,-97.741117,30.291807,2755.6,200.4,153,,5.0
2016-07-05 03:19:59,-97.741109,30.291859,2761.4,200.2,153,,5.1
2016-07-05 03:20:00,-97.741105,30.291903,2766.4,200.0,154,,5.1
2016-07-05 03:20:01,-97.741104,30.291947,2771.2,200.0,153,,5.0
2016-07-05 03:20:02,-97.741109,30.29199,2776.0,200.2,153,,5.1
2016-07-05 03:20:03,-97.741116,30.292043,2781.9,200.4,152,,5.3
2016-07-05 03:20:04,-97.741127,30.292096,2787.9,200.4,151,,5.3
2016-07-05 03:20:05,-97.741142,30.292156,2794.8,200.4,150,,5.7
2016-07-05 03:20:06,-97.741162,30.292217,2801.7,200.2,150,,6.1
2016-07-05 03:20:07,-97.741181,30.292275,2808.5,199.8,150,,6.5
2016-07-05 03:20:08,-97.741204,30.29234,2815.9,199.8,150,,6.8
2016-07-05 03:20:09,-97.741234,30.292405,2823.7,199.8,150,,7.2
2016-07-05 03:20:10,-97.741267,30.292463,2830.9,199.6,150,,7.2
2016-07-05 03:20:11,-97.741302,30.292522,2838.3,199.6,150,,7.3
2016-07-05 03:20:12,-97.741339,30.292582,2845.8,199.4,149,,7.5
2016-07-05 03:20:13,-97.741373,30.292646,2853.7,199.2,148,,7.6
2016-07-05 03:20:14,-97.741412,30.292713,2861.9,199.0,147,,7.6
2016-07-05 03:20:15,-97.74145,30.292775,2869.7,198.6,146,,7.8
2016-07-05 03:20:16,-97.741488,30.292835,2877.2,198.2,145,,7.8
2016-07-05 03:20:17,-97.741531,30.292898,2885.4,198.0,144,,7.9
2016-07-05 03:20:18,-97.741571,30.292965,2893.8,198.0,144,,8.0
2016-07-05 03:20:19,-97.741609,30.293034,2902.2,197.8,144,,8.1
2016-07-05 03:20:20,-97.741646,30.293099,2910.3,197.6,144,,8.1
2016-07-05 03:20:21,-97.741681,30.293163,2918.1,197.4,144,,8.2
2016-07-05 03:20:22,-97.741713,30.293223,2925.5,197.2,144,,8.0
2016-07-05 03:20:23,-97.741751,30.293299,2934.7,197.0,143,,8.2
2016-07-05 03:20:24,-97.74179,30.293372,2943.6,196.8,144,,8.3
2016-07-05 03:20:25,-97.741827,30.293444,2952.3,196.6,143,,8.4
2016-07-05 03:20:26,-97.741864,30.293519,2961.4,196.6,144,,8.7
2016-07-05 03:20:27,-97.741896,30.293584,2969.2,196.6,144,,8.7
2016-07-05 03:20:28,-97.741931,30.293653,2977.6,196.6,144,,8.6
2016-07-05 03:20:29,-97.741972,30.293734,2987.3,196.6,144,,8.7
2016-07-05 03:20:30,-97.742007,30.2938,2995.4,196.6,144,,8.6
2016-07-05 03:20:31,-97.742045,30.293877,3004.7,196.6,144,,8.7
2016-07-05 03:20:32,-97.742076,30.293937,3012.0,196.4,144,,8.6
2016-07-05 03:20:33,-97.742114,30.294011,3020.9,196.2,144,,8.7
2016-07-05 03:20:34,-97.742154,30.294084,3029.9,195.8,145,,8.5
2016-07-05 03:20:35,-97.742194,30.294158,3039.0,195.8,145,,8.7
2016-07-05 03:20:36,-97.742231,30.294231,3047.8,195.8,144,,8.6
2016-07-05 03:20:37,-97.742267,30.294306,3056.8,195.8,144,,9.0
2016-07-05 03:20:38,-97.742301,30.294381,3065.8,195.8,144,,9.0
2016-07-05 03:20:39,-97.742332,30.294456,3074.6,196.0,144,,8.9
2016-07-05 03:20:40,-97.742367,30.294534,3083.8,196.0,145,,9.0
2016-07-05 03:20:41,-97.742406,30.294616,3093.7,196.0,145,,9.2
2016-07-05 03:20:42,-97.74244,30.294684,3101.9,196.0,145,,9.0
2016-07-05 03:20:43,-97.742476,30.294757,3110.7,196.0,145,,9.0
2016-07-05 03:20:44,-97.742511,30.294831,3119.6,195.8,145,,9.0
2016-07-05 03:20:45,-97.742544,30.294902,3128.1,196.0,145,,8.9
2016-07-05 03:20:46,-97.742575,30.294964,3135.6,196.0,144,,8.4
2016-07-05 03:20:47,-97.74261,30.295034,3144.0,195.8,144,,8.4
2016-07-05 03:20:48,-97.742645,30.295106,3152.7,195.8,145,,8.4
2016-07-05 03:20:49,-97.742671,30.295175,3160.8,195.8,144,,8.2
2016-07-05 03:20:50,-97.742681,30.295249,3168.9,195.8,144,,8.2
2016-07-05 03:20:51,-97.742675,30.295309,3175.7,195.8,144,,8.0
2016-07-05 03:20:52,-97.74266,30.295371,3182.7,195.8,143,,7.7
2016-07-05 03:20:53,-97.742627,30.295438,3190.8,195.8,143,,7.6
2016-07-05 03:20:54,-97.742591,30.295496,3198.1,195.8,143,,7.5
2016-07-05 03:20:55,-97.742553,30.295553,3205.3,196.0,143,,7.3
2016-07-05 03:20:56,-97.742516,30.295611,3212.7,195.8,143,,7.4
2016-07-05 03:20:57,-97.742481,30.295665,3219.6,195.8,143,,7.4
2016-07-05 03:20:58,-97.742445,30.295719,3226.5,195.8,143,,7.1
2016-07-05 03:20:59,-97.742402,30.295784,3234.8,195.8,143,,7.3
2016-07-05 03:21:00,-97.742363,30.295844,3242.4,195.8,144,,7.4
2016-07-05 03:21:01,-97.742325,30.295902,3249.9,195.8,144,,7.4
2016-07-05 03:21:02,-97.742287,30.29596,3257.2,195.8,145,,7.5
2016-07-05 03:21:03,-97.742247,30.296024,3265.3,195.8,147,,7.8
2016-07-05 03:21:04,-97.742208,30.296084,3272.9,195.8,147,,7.6
2016-07-05 03:21:05,-97.742166,30.296151,3281.4,195.6,148,,7.8
2016-07-05 03:21:06,-97.742132,30.296203,3288.0,195.6,149,,7.6
2016-07-05 03:21:07,-97.74209,30.296271,3296.6,195.6,150,,7.9
2016-07-05 03:21:08,-97.742047,30.29634,3305.2,195.6,151,,8.0
2016-07-05 03:21:09,-97.742004,30.296402,3313.2,195.8,151,,8.1
2016-07-05 03:21:10,-97.741969,30.296456,3320.1,195.6,151,,7.7
2016-07-05 03:21:11,-97.741927,30.296519,3328.2,196.0,150,,8.0
2016-07-05 03:21:12,-97.741889,30.296576,3335.5,196.0,149,,7.8
2016-07-05 03:21:13,-97.741848,30.296636,3343.3,195.6,149,,7.6
2016-07-05 03:21:14,-97.741809,30.296698,3351.1,195.2,149,,7.6
2016-07-05 03:21:15,-97.741776,30.296752,3357.9,195.0,149,,7.6
2016-07-05 03:21:16,-97.741741,30.296809,3365.1,194.4,149,,7.4
2016-07-05 03:21:17,-97.741703,30.296867,3372.4,194.4,149,,7.4
2016-07-05 03:21:18,-97.741665,30.296926,3379.9,194.6,148,,7.3
2016-07-05 03:21:19,-97.741627,30.296988,3387.7,195.0,147,,7.3
2016-07-05 03:21:20,-97.741596,30.29704,3394.2,195.0,145,,7.3
2016-07-05 03:21:21,-97.741558,30.297099,3401.7,195.0,144,,7.3
2016-07-05 03:21:22,-97.741524,30.297152,3408.4,194.8,143,,7.2
2016-07-05 03:21:23,-97.741487,30.297212,3415.9,194.8,142,,7.2
2016-07-05 03:21:24,-97.741448,30.297271,3423.5,194.6,142,,7.2
2016-07-05 03:21:25,-97.741412,30.297324,3430.4,194.4,141,,7.2
2016-07-05 03:21:26,-97.741377,30.297377,3437.1,194.4,140,,7.1
2016-07-05 03:21:27,-97.741348,30.297423,3442.9,194.4,139,,6.9
2016-07-05 03:21:28,-97.74132,30.29747,3448.7,194.2,138,,6.6
2016-07-05 03:21:29,-97.741289,30.29752,3455.1,194.2,136,,6.3
2016-07-05 03:21:30,-97.741264,30.297561,3460.2,194.4,135,,6.0
2016-07-05 03:21:31,-97.741238,30.297604,3465.6,194.4,135,,5.7
2016-07-05 03:21:32,-97.741215,30.297637,3469.8,194.4,134,,5.4
2016-07-05 03:21:33,-97.741194,30.29767,3474.0,194.4,134,,5.1
2016-07-05 03:21:34,-97.741174,30.297699,3477.8,194.6,134,,4.5
2016-07-05 03:21:35,-97.74115,30.297734,3482.3,194.6,134,,4.4
2016-07-05 03:21:36,-97.741129,30.297768,3486.6,195.0,135,,4.2
2016-07-05 03:21:37,-97.741106,30.297806,3491.3,195.2,135,,4.3
2016-07-05 03:21:38,-97.741079,30.297849,3496.8,195.2,136,,4.6
2016-07-05 03:21:39,-97.741048,30.297897,3502.8,195.4,136,,5.0
2016-07-05 03:21:40,-97.741022,30.297935,3507.8,195.4,137,,5.1
2016-07-05 03:21:41,-97.740993,30.297983,3513.8,195.6,138,,5.4
2016-07-05 03:21:42,-97.740966,30.298026,3519.1,195.6,140,,5.6
2016-07-05 03:21:43,-97.740938,30.29807,3524.8,195.8,142,,5.6
2016-07-05 03:21:44,-97.74091,30.298118,3530.7,196.2,143,,5.6
2016-07-05 03:21:45,-97.740881,30.298165,3536.6,196.6,146,,5.8
2016-07-05 03:21:46,-97.740857,30.298204,3541.5,196.6,147,,5.5
2016-07-05 03:21:47,-97.74083,30.298244,3546.6,197.0,149,,5.5
2016-07-05 03:21:48,-97.740803,30.298286,3552.0,197.0,151,,5.4
2016-07-05 03:21:49,-97.740776,30.298331,3557.7,197.2,152,,5.4
2016-07-05 03:21:50,-97.74075,30.298373,3562.9,197.2,153,,5.3
2016-07-05 03:21:51,-97.740722,30.298416,3568.3,197.2,154,,5.4
2016-07-05 03:21:52,-97.740697,30.298451,3573.0,197.2,155,,5.3
2016-07-05 03:21:53,-97.740667,30.298499,3579.1,197.2,155,,5.4
2016-07-05 03:21:54,-97.740639,30.298541,3584.4,197.2,156,,5.3
2016-07-05 03:21:55,-97.740611,30.298584,3589.8,197.2,156,,5.4
2016-07-05 03:21:56,-97.740584,30.298626,3595.2,197.2,157,,5.4
2016-07-05 03:21:57,-97.740558,30.298666,3600.3,197.2,158,,5.5
2016-07-05 03:21:58,-97.74053,30.298711,3605.9,197.4,158,,5.4
2016-07-05 03:21:59,-97.740501,30.298759,3611.9,197.4,158,,5.5
2016-07-05 03:22:00,-97.740476,30.298804,3617.4,197.6,159,,5.5
2016-07-05 03:22:01,-97.740451,30.298847,3622.8,197.8,159,,5.5
2016-07-05 03:22:02,-97.740425,30.298891,3628.3,197.8,159,,5.6
2016-07-05 03:22:03,-97.740396,30.298937,3634.1,197.8,160,,5.6
2016-07-05 03:22:04,-97.740368,30.298981,3639.7,197.8,160,,5.6
2016-07-05 03:22:05,-97.740336,30.29903,3645.9,197.8,161,,5.7
2016-07-05 03:22:06,-97.740307,30.299074,3651.5,197.8,161,,5.7
2016-07-05 03:22:07,-97.740279,30.299116,3656.9,197.8,161,,5.7
2016-07-05 03:22:08,-97.74025,30.299164,3662.9,197.8,161,,5.8
2016-07-05 03:22:09,-97.740223,30.299209,3668.5,197.8,162,,5.8
2016-07-05 03:22:10,-97.740195,30.299255,3674.3,197.8,162,,5.7
2016-07-05 03:22:11,-97.740164,30.299304,3680.5,197.8,162,,5.8
2016-07-05 03:22:12,-97.740136,30.299346,3685.8,197.8,162,,5.8
2016-07-05 03:22:13,-97.740106,30.299394,3691.9,197.8,162,,5.8
2016-07-05 03:22:14,-97.740077,30.299439,3697.7,197.8,162,,5.8
2016-07-05 03:22:15,-97.740047,30.299485,3703.5,198.0,162,,5.8
2016-07-05 03:22:16,-97.740018,30.299527,3708.9,198.0,161,,5.7
2016-07-05 03:22:17,-97.739989,30.299574,3714.8,198.0,161,,5.8
2016-07-05 03:22:18,-97.739959,30.299621,3720.8,198.2,161,,5.8
2016-07-05 03:22:19,-97.739929,30.299669,3726.9,198.2,161,,5.8
2016-07-05 03:22:20,-97.739898,30.299717,3732.9,198.4,161,,5.9
2016-07-05 03:22:21,-97.739869,30.299762,3738.7,198.4,161,,6.0
2016-07-05 03:22:22,-97.739845,30.299804,3743.8,198.4,160,,5.8
2016-07-05 03:22:23,-97.739815,30.299851,3749.8,198.4,160,,5.8
2016-07-05 03:22:24,-97.73979,30.29989,3754.8,198.4,159,,5.6
2016-07-05 03:22:25,-97.739767,30.299928,3759.5,198.4,158,,5.3
2016-07-05 03:22:26,-97.739748,30.299961,3763.6,198.6,157,,5.0
2016-07-05 03:22:27,-97.739729,30.29999,3767.3,198.4,157,,4.7
2016-07-05 03:22:28,-97.739715,30.300016,3770.4,198.4,156,,4.1
2016-07-05 03:22:29,-97.7397,30.300039,3773.4,198.4,156,,3.7
2016-07-05 03:22:30,-97.739689,30.300058,3775.8,198.2,155,,3.3
2016-07-05 03:22:31,-97.739676,30.300076,3778.1,198.2,154,,2.9
2016-07-05 03:22:32,-97.739668,30.300089,3779.7,198.2,154,,2.5
2016-07-05 03:22:33,-97.73966,30.300102,3781.4,198.2,153,,2.2
2016-07-05 03:22:34,-97.739653,30.300113,3782.7,198.2,152,,1.9
2016-07-05 03:22:35,-97.739643,30.300126,3784.5,198.2,151,,1.7
2016-07-05 03:22:36,-97.739635,30.300134,3785.6,198.2,150,,1.5
2016-07-05 03:22:37,-97.739631,30.300141,3786.5,198.2,149,,1.4
2016-07-05 03:22:38,-97.739633,30.300138,3786.5,198.2,149,,1.0
2016-07-05 03:22:48,-97.739621,30.300176,3786.5,198.2,145,,0.0
2016-07-05 03:22:49,-97.739607,30.300197,3789.1,198.2,144,,0.2
2016-07-05 03:22:50,-97.739587,30.300221,3792.4,198.2,143,,0.5
2016-07-05 03:22:51,-97.739569,30.300253,3796.4,198.2,141,,0.8
2016-07-05 03:22:52,-97.739551,30.300281,3799.9,198.2,140,,1.0
2016-07-05 03:22:53,-97.739527,30.300321,3805.0,198.2,139,,1.0
2016-07-05 03:22:54,-97.739501,30.300362,3810.1,198.2,139,,4.2
2016-07-05 03:22:55,-97.739475,30.300407,3815.6,198.2,139,,4.6
2016-07-05 03:22:56,-97.739449,30.300449,3820.9,198.2,140,,4.9
2016-07-05 03:22:57,-97.739422,30.30049,3826.2,198.4,140,,5.3
2016-07-05 03:22:58,-97.739393,30.300534,3831.8,198.0,140,,5.4
2016-07-05 03:22:59,-97.739359,30.300587,3838.6,198.0,140,,5.7
2016-07-05 03:23:00,-97.739328,30.300637,3844.8,197.6,140,,5.8
2016-07-05 03:23:01,-97.739297,30.300687,3851.1,197.4,140,,6.0
2016-07-05 03:23:02,-97.739265,30.300734,3857.2,197.2,140,,6.2
2016-07-05 03:23:03,-97.739227,30.300793,3864.6,197.2,140,,6.6
2016-07-05 03:23:04,-97.739198,30.300838,3870.3,197.0,140,,6.3
2016-07-05 03:23:05,-97.739161,30.300895,3877.7,197.0,139,,6.6
2016-07-05 03:23:06,-97.739125,30.30095,3884.7,197.0,139,,6.7
2016-07-05 03:23:07,-97.739093,30.300995,3890.5,196.6,139,,6.7
2016-07-05 03:23:08,-97.73906,30.301045,3896.9,196.6,138,,6.5
2016-07-05 03:23:09,-97.739023,30.301107,3904.6,196.2,137,,6.9
2016-07-05 03:23:10,-97.73899,30.301159,3911.3,196.2,137,,6.7
2016-07-05 03:23:11,-97.73895,30.301219,3918.9,195.8,136,,6.8
2016-07-05 03:23:12,-97.738916,30.301273,3925.7,195.8,136,,7.0
2016-07-05 03:23:13,-97.738879,30.30133,3933.0,195.6,136,,7.2
2016-07-05 03:23:14,-97.738841,30.301388,3940.4,195.6,136,,7.2
2016-07-05 03:23:15,-97.738805,30.301446,3947.7,195.4,136,,7.3
2016-07-05 03:23:16,-97.738769,30.301503,3954.8,195.4,137,,7.2
2016-07-05 03:23:17,-97.738735,30.301556,3961.6,195.6,136,,7.2
2016-07-05 03:23:18,-97.738701,30.301612,3968.6,195.4,136,,7.1
2016-07-05 03:23:19,-97.738666,30.301668,3975.7,195.6,136,,7.1
2016-07-05 03:23:20,-97.738634,30.30172,3982.2,195.4,136,,6.9
2016-07-05 03:23:21,-97.738603,30.301772,3988.7,195.4,137,,6.8
2016-07-05 03:23:22,-97.738575,30.301816,3994.2,195.4,137,,6.5
2016-07-05 03:23:23,-97.738539,30.30187,4001.2,195.2,137,,6.5
2016-07-05 03:23:24,-97.738505,30.301923,4007.9,195.4,137,,6.4
2016-07-05 03:23:25,-97.738472,30.301972,4014.2,195.2,136,,6.4
2016-07-05 03:23:26,-97.738439,30.302023,4020.7,195.2,136,,6.4
2016-07-05 03:23:27,-97.738411,30.302065,4026.1,195.2,136,,6.4
2016-07-05 03:23:28,-97.738378,30.30212,4032.9,195.2,137,,6.3
2016-07-05 03:23:29,-97.738343,30.302177,4040.1,195.0,137,,6.4
2016-07-05 03:23:30,-97.738312,30.302228,4046.4,195.0,137,,6.4
2016-07-05 03:23:31,-97.738279,30.302278,4052.9,195.0,138,,6.4
2016-07-05 03:23:32,-97.738247,30.302328,4059.2,195.0,138,,6.6
2016-07-05 03:23:33,-97.738214,30.30238,4065.8,195.4,139,,6.6
2016-07-05 03:23:34,-97.738181,30.302432,4072.4,195.4,139,,6.5
2016-07-05 03:23:35,-97.738148,30.302484,4079.0,195.6,140,,6.5
2016-07-05 03:23:36,-97.738111,30.302539,4086.0,195.6,140,,6.6
2016-07-05 03:23:37,-97.73808,30.302589,4092.3,195.6,141,,6.6
2016-07-05 03:23:38,-97.738046,30.302642,4099.0,195.6,141,,6.6
2016-07-05 03:23:39,-97.738011,30.302694,4105.7,195.8,142,,6.7
2016-07-05 03:23:40,-97.737979,30.302743,4112.0,195.8,143,,6.6
2016-07-05 03:23:41,-97.737944,30.302797,4118.8,195.8,145,,6.6
2016-07-05 03:23:42,-97.737911,30.302848,4125.3,196.0,146,,6.6
2016-07-05 03:23:43,-97.737879,30.302896,4131.4,196.0,147,,6.5
2016-07-05 03:23:44,-97.737846,30.302947,4138.0,196.2,148,,6.5
2016-07-05 03:23:45,-97.737816,30.302995,4144.0,196.4,149,,6.4
2016-07-05 03:23:46,-97.737785,30.303042,4149.9,196.4,149,,6.2
2016-07-05 03:23:47,-97.737754,30.303091,4156.1,196.4,150,,6.2
2016-07-05 03:23:48,-97.737722,30.30314,4162.5,196.4,151,,6.2
2016-07-05 03:23:49,-97.737689,30.303191,4168.9,196.4,152,,6.2
2016-07-05 03:23:50,-97.737658,30.303242,4175.3,196.6,153,,6.3
2016-07-05 03:23:51,-97.737629,30.303289,4181.2,197.0,154,,6.3
2016-07-05 03:23:52,-97.737601,30.30333,4186.5,197.2,155,,6.1
2016-07-05 03:23:53,-97.737565,30.303383,4193.3,197.2,156,,6.2
2016-07-05 03:23:54,-97.737535,30.303434,4199.6,197.4,156,,6.1
2016-07-05 03:23:55,-97.737505,30.303483,4205.8,197.4,156,,6.1
2016-07-05 03:23:56,-97.737475,30.303531,4211.8,197.4,156,,6.1
2016-07-05 03:23:57,-97.737448,30.303576,4217.5,197.4,157,,6.2
2016-07-05 03:23:58,-97.737421,30.303619,4222.9,197.6,157,,5.9
2016-07-05 03:23:59,-97.737387,30.303675,4229.9,197.8,157,,6.1
2016-07-05 03:24:00,-97.737356,30.303722,4235.9,197.8,158,,6.0
2016-07-05 03:24:01,-97.737328,30.303769,4241.8,198.0,158,,6.0
2016-07-05 03:24:02,-97.737302,30.303814,4247.3,197.8,158,,6.0
2016-07-05 03:24:03,-97.737271,30.303862,4253.5,198.0,159,,6.1
2016-07-05 03:24:04,-97.737241,30.303908,4259.3,198.0,158,,5.9
2016-07-05 03:24:05,-97.737208,30.303959,4265.8,198.0,158,,6.0
2016-07-05 03:24:06,-97.737189,30.303993,4270.0,198.0,158,,5.6
2016-07-05 03:24:07,-97.737152,30.304054,4277.6,198.2,158,,6.1
2016-07-05 03:24:08,-97.737121,30.304102,4283.7,198.4,158,,6.0
2016-07-05 03:24:09,-97.73709,30.304149,4289.8,198.6,158,,6.1
2016-07-05 03:24:10,-97.737061,30.304193,4295.4,198.8,158,,5.9
2016-07-05 03:24:11,-97.737029,30.304243,4301.7,198.6,158,,6.3
2016-07-05 03:24:12,-97.737001,30.304287,4307.3,198.8,158,,5.9
2016-07-05 03:24:13,-97.736969,30.304337,4313.7,198.8,158,,6.0
2016-07-05 03:24:14,-97.736939,30.304384,4319.5,198.8,158,,5.9
2016-07-05 03:24:15,-97.736909,30.304431,4325.5,199.0,159,,6.0
2016-07-05 03:24:16,-97.736881,30.304477,4331.3,199.4,159,,5.9
2016-07-05 03:24:17,-97.736851,30.304525,4337.3,199.2,158,,6.0
2016-07-05 03:24:18,-97.736821,30.304573,4343.4,199.4,158,,5.9
2016-07-05 03:24:19,-97.73679,30.304624,4349.8,199.0,158,,6.1
2016-07-05 03:24:20,-97.736759,30.304671,4355.8,199.0,158,,6.1
2016-07-05 03:24:21,-97.736726,30.304719,4361.9,199.0,158,,6.1
2016-07-05 03:24:22,-97.736702,30.304758,4366.9,199.0,159,,5.9
2016-07-05 03:24:23,-97.736668,30.304815,4374.0,199.2,159,,6.1
2016-07-05 03:24:24,-97.736637,30.304865,4380.3,199.4,159,,6.1
2016-07-05 03:24:25,-97.736605,30.304913,4386.4,199.6,160,,6.1
2016-07-05 03:24:26,-97.736574,30.304961,4392.5,199.6,160,,6.1
2016-07-05 03:24:27,-97.736545,30.305005,4398.2,199.8,161,,6.3
2016-07-05 03:24:28,-97.736517,30.30505,4403.8,199.6,161,,6.0
2016-07-05 03:24:29,-97.736483,30.305102,4410.4,199.6,162,,6.0
2016-07-05 03:24:30,-97.736451,30.305147,4416.3,199.6,161,,6.0
2016-07-05 03:24:31,-97.736421,30.305192,4422.1,199.6,161,,5.9
2016-07-05 03:24:32,-97.736394,30.305236,4427.6,199.6,162,,5.9
2016-07-05 03:24:33,-97.736365,30.305283,4433.5,199.6,161,,5.9
2016-07-05 03:24:34,-97.736336,30.305327,4439.2,199.6,161,,5.8
2016-07-05 03:24:35,-97.736304,30.305376,4445.3,199.6,161,,5.8
2016-07-05 03:24:36,-97.736275,30.305421,4451.0,199.8,162,,5.8
2016-07-05 03:24:37,-97.736248,30.305463,4456.4,200.0,162,,5.8
2016-07-05 03:24:38,-97.736217,30.30551,4462.4,200.0,162,,5.8
2016-07-05 03:24:39,-97.736188,30.305558,4468.4,200.2,162,,5.8
2016-07-05 03:24:40,-97.736163,30.305601,4473.8,200.4,161,,5.7
2016-07-05 03:24:41,-97.736134,30.305649,4479.8,200.6,161,,5.8
2016-07-05 03:24:42,-97.736107,30.305693,4485.2,200.6,162,,5.8
2016-07-05 03:24:43,-97.736079,30.305743,4491.4,201.0,161,,5.8
2016-07-05 03:24:44,-97.73605,30.305794,4497.7,200.8,161,,5.9
2016-07-05 03:24:45,-97.736025,30.305837,4503.2,200.8,161,,5.9
2016-07-05 03:24:46,-97.735996,30.305886,4509.2,200.6,162,,5.9
2016-07-05 03:24:47,-97.735969,30.305933,4515.1,200.6,162,,6.0
2016-07-05 03:24:48,-97.735938,30.305983,4521.3,200.8,162,,6.0
2016-07-05 03:24:49,-97.735905,30.306032,4527.6,200.8,163,,6.0
2016-07-05 03:24:50,-97.735876,30.30608,4533.7,200.8,163,,6.1
2016-07-05 03:24:51,-97.735845,30.306132,4540.1,201.0,163,,6.2
2016-07-05 03:24:52,-97.735813,30.306179,4546.1,201.0,164,,6.2
2016-07-05 03:24:53,-97.735779,30.306227,4552.4,201.0,163,,6.2
2016-07-05 03:24:54,-97.735744,30.306278,4559.0,200.8,164,,6.3
2016-07-05 03:24:55,-97.735713,30.306326,4565.0,200.8,164,,6.3
2016-07-05 03:24:56,-97.735681,30.306374,4571.3,200.8,164,,6.2
2016-07-05 03:24:57,-97.735651,30.30642,4577.1,200.8,164,,6.2
2016-07-05 03:24:58,-97.735622,30.306468,4583.1,200.8,164,,6.1
2016-07-05 03:24:59,-97.735591,30.306518,4589.4,200.8,165,,6.1
2016-07-05 03:25:00,-97.735559,30.306568,4595.7,201.0,165,,6.1
2016-07-05 03:25:01,-97.735531,30.306612,4601.2,201.0,166,,6.0
2016-07-05 03:25:02,-97.735502,30.306658,4607.1,201.2,166,,6.0
2016-07-05 03:25:03,-97.735469,30.306704,4613.1,201.4,166,,6.0
2016-07-05 03:25:04,-97.735443,30.306748,4618.6,201.4,166,,5.8
2016-07-05 03:25:05,-97.735409,30.306799,4625.2,201.4,166,,5.9
2016-07-05 03:25:06,-97.735376,30.306848,4631.4,201.6,166,,6.0
2016-07-05 03:25:07,-97.735347,30.306893,4637.1,201.6,166,,6.0
2016-07-05 03:25:08,-97.735315,30.306943,4643.4,201.6,165,,6.1
2016-07-05 03:25:09,-97.735282,30.306994,4649.9,201.8,166,,6.3
2016-07-05 03:25:10,-97.735253,30.30704,4655.7,201.8,166,,6.1
2016-07-05 03:25:11,-97.73522,30.307094,4662.6,202.0,166,,6.2
2016-07-05 03:25:12,-97.735191,30.307141,4668.5,202.0,166,,6.3
2016-07-05 03:25:13,-97.735156,30.307192,4675.0,202.0,166,,6.3
2016-07-05 03:25:14,-97.735122,30.307243,4681.5,202.0,166,,6.3
2016-07-05 03:25:15,-97.73509,30.307291,4687.6,202.0,166,,6.4
2016-07-05 03:25:16,-97.735058,30.307342,4694.1,202.0,166,,6.3
2016-07-05 03:25:17,-97.735028,30.30739,4700.2,202.0,166,,6.3
2016-07-05 03:25:18,-97.734994,30.307442,4706.8,202.0,165,,6.4
2016-07-05 03:25:19,-97.73496,30.307495,4713.5,202.0,164,,6.4
2016-07-05 03:25:20,-97.734928,30.307545,4719.9,202.0,164,,6.5
2016-07-05 03:25:21,-97.734896,30.307596,4726.3,202.0,164,,6.4
2016-07-05 03:25:22,-97.734869,30.30764,4731.8,202.0,163,,6.3
2016-07-05 03:25:23,-97.734835,30.307695,4738.8,202.2,163,,6.4
2016-07-05 03:25:24,-97.734802,30.307747,4745.4,202.2,163,,6.4
2016-07-05 03:25:25,-97.734769,30.307797,4751.7,202.4,163,,6.4
2016-07-05 03:25:26,-97.734739,30.307846,4757.9,202.6,163,,6.3
2016-07-05 03:25:27,-97.734709,30.307893,4763.8,202.8,162,,6.4
2016-07-05 03:25:28,-97.734678,30.30794,4769.9,202.8,162,,6.2
2016-07-05 03:25:29,-97.734644,30.307992,4776.5,202.8,162,,6.2
2016-07-05 03:25:30,-97.734612,30.308042,4782.7,202.8,161,,6.2
2016-07-05 03:25:31,-97.734581,30.30809,4788.9,202.8,160,,6.2
2016-07-05 03:25:32,-97.73455,30.308139,4795.1,203.0,160,,6.3
2016-07-05 03:25:33,-97.734517,30.308187,4801.3,203.0,159,,6.3
2016-07-05 03:25:34,-97.734485,30.308234,4807.3,203.2,159,,6.2
2016-07-05 03:25:35,-97.73445,30.308288,4814.2,203.2,158,,6.3
2016-07-05 03:25:36,-97.734416,30.308339,4820.8,203.2,158,,6.4
2016-07-05 03:25:37,-97.734382,30.308387,4827.0,203.2,158,,6.4
2016-07-05 03:25:38,-97.734344,30.308441,4834.0,203.2,158,,6.5
2016-07-05 03:25:39,-97.734311,30.30849,4840.3,203.2,159,,6.6
2016-07-05 03:25:40,-97.734277,30.308539,4846.6,203.2,158,,6.5
2016-07-05 03:25:41,-97.734243,30.308592,4853.4,203.2,158,,6.5
2016-07-05 03:25:42,-97.734212,30.308641,4859.6,203.2,158,,6.5
2016-07-05 03:25:43,-97.734178,30.308694,4866.3,203.2,158,,6.5
2016-07-05 03:25:44,-97.734142,30.308747,4873.1,203.2,158,,6.6
2016-07-05 03:25:45,-97.734108,30.308801,4879.9,203.2,158,,6.7
2016-07-05 03:25:46,-97.734077,30.308849,4886.0,203.0,158,,6.5
2016-07-05 03:25:47,-97.734041,30.308904,4893.0,203.0,158,,6.7
2016-07-05 03:25:48,-97.734009,30.308957,4899.6,203.2,158,,6.7
2016-07-05 03:25:49,-97.733975,30.309011,4906.5,203.0,158,,6.7
2016-07-05 03:25:50,-97.733942,30.309063,4913.0,203.2,158,,6.6
2016-07-05 03:25:51,-97.733908,30.309115,4919.7,203.2,158,,6.7
2016-07-05 03:25:52,-97.733878,30.309162,4925.7,203.4,158,,6.5
2016-07-05 03:25:53,-97.73384,30.309216,4932.6,203.2,157,,6.6
2016-07-05 03:25:54,-97.733804,30.309268,4939.4,203.4,158,,6.6
2016-07-05 03:25:55,-97.733771,30.30932,4946.0,203.4,158,,6.6
2016-07-05 03:25:56,-97.73374,30.309371,4952.3,203.4,157,,6.5
2016-07-05 03:25:57,-97.733707,30.309425,4959.1,203.4,158,,6.7
2016-07-05 03:25:58,-97.733673,30.309477,4965.7,203.4,158,,6.6
2016-07-05 03:25:59,-97.733637,30.309536,4973.2,203.4,157,,6.8
2016-07-05 03:26:00,-97.733603,30.309586,4979.6,203.6,158,,6.7
2016-07-05 03:26:01,-97.733567,30.309641,4986.6,203.6,157,,6.9
2016-07-05 03:26:02,-97.733538,30.309689,4992.6,203.4,157,,6.7
2016-07-05 03:26:03,-97.733506,30.309741,4999.1,203.4,157,,6.7
2016-07-05 03:26:04,-97.733476,30.309788,5005.1,203.4,157,,6.4
2016-07-05 03:26:05,-97.733443,30.309841,5011.7,203.4,157,,6.4
2016-07-05 03:26:06,-97.733412,30.30989,5018.0,203.6,156,,6.3
2016-07-05 03:26:07,-97.733381,30.309939,5024.1,203.6,156,,6.3
2016-07-05 03:26:08,-97.73335,30.30999,5030.6,203.6,156,,6.3
2016-07-05 03:26:09,-97.733316,30.31004,5037.0,203.8,157,,6.4
2016-07-05 03:26:10,-97.733285,30.310087,5042.9,203.8,156,,6.2
2016-07-05 03:26:11,-97.733252,30.310139,5049.5,203.6,156,,6.3
2016-07-05 03:26:12,-97.733224,30.310183,5055.1,203.6,156,,6.2
2016-07-05 03:26:13,-97.733189,30.310237,5062.0,203.8,155,,6.3
2016-07-05 03:26:14,-97.733153,30.310288,5068.6,203.8,155,,6.3
2016-07-05 03:26:15,-97.73312,30.310336,5074.8,203.8,155,,6.4
2016-07-05 03:26:16,-97.733091,30.310383,5080.8,204.0,154,,6.3
2016-07-05 03:26:17,-97.73306,30.310432,5086.9,204.0,154,,6.4
2016-07-05 03:26:18,-97.733029,30.310483,5093.4,204.0,154,,6.3
2016-07-05 03:26:19,-97.732999,30.310532,5099.4,204.0,153,,6.2
2016-07-05 03:26:20,-97.732972,30.310575,5104.9,204.0,153,,6.0
2016-07-05 03:26:21,-97.732941,30.310622,5110.9,204.2,153,,6.0
2016-07-05 03:26:22,-97.732914,30.310663,5116.2,204.0,152,,5.9
2016-07-05 03:26:23,-97.732877,30.310712,5122.7,204.0,151,,5.9
2016-07-05 03:26:24,-97.732843,30.310761,5129.0,204.0,151,,5.9
2016-07-05 03:26:25,-97.732814,30.310809,5135.0,204.0,150,,6.0
2016-07-05 03:26:26,-97.732791,30.310858,5140.9,204.0,150,,6.0
2016-07-05 03:26:27,-97.732765,30.310906,5146.8,204.0,151,,6.1
2016-07-05 03:26:28,-97.732742,30.310952,5152.3,203.8,151,,5.9
2016-07-05 03:26:29,-97.732717,30.31101,5159.1,204.0,151,,6.0
2016-07-05 03:26:30,-97.732697,30.311063,5165.4,203.8,152,,6.1
2016-07-05 03:26:31,-97.732677,30.311117,5171.6,204.0,153,,6.1
2016-07-05 03:26:32,-97.732658,30.311167,5177.5,204.0,154,,6.1
2016-07-05 03:26:33,-97.732639,30.311222,5183.8,204.2,154,,6.3
2016-07-05 03:26:34,-97.73262,30.311274,5189.9,204.4,154,,6.2
2016-07-05 03:26:35,-97.732602,30.31133,5196.3,204.6,154,,6.2
2016-07-05 03:26:36,-97.732587,30.311384,5202.4,204.6,154,,6.2
2016-07-05 03:26:37,-97.732576,30.311434,5208.1,204.8,155,,6.1
2016-07-05 03:26:38,-97.732568,30.311486,5214.0,204.8,155,,6.0
2016-07-05 03:26:39,-97.732558,30.311541,5220.1,204.8,155,,6.0
2016-07-05 03:26:40,-97.732547,30.311593,5225.9,204.6,156,,5.9
2016-07-05 03:26:41,-97.732537,30.311651,5232.4,204.6,156,,6.0
2016-07-05 03:26:42,-97.73253,30.311704,5238.4,204.8,156,,6.1
2016-07-05 03:26:43,-97.732521,30.311755,5244.1,205.0,156,,6.0
2016-07-05 03:26:44,-97.732511,30.311814,5250.7,205.0,157,,6.1
2016-07-05 03:26:45,-97.732505,30.311865,5256.4,205.2,158,,6.1
2016-07-05 03:26:46,-97.732498,30.311909,5261.3,205.2,158,,5.8
2016-07-05 03:26:47,-97.732495,30.311962,5267.1,205.4,159,,5.7
2016-07-05 03:26:48,-97.732492,30.312018,5273.4,205.4,159,,5.9
2016-07-05 03:26:49,-97.732486,30.312074,5279.6,205.4,159,,5.8
2016-07-05 03:26:50,-97.732481,30.312128,5285.7,205.4,160,,5.9
2016-07-05 03:26:51,-97.732475,30.312184,5291.8,205.4,160,,6.1
2016-07-05 03:26:52,-97.732471,30.31223,5297.0,205.4,160,,6.0
2016-07-05 03:26:53,-97.732467,30.312284,5303.0,205.6,161,,5.9
2016-07-05 03:26:54,-97.732463,30.312338,5308.9,205.4,161,,5.9
2016-07-05 03:26:55,-97.732458,30.31239,5314.8,205.4,161,,5.8
2016-07-05 03:26:56,-97.732455,30.312442,5320.5,205.4,160,,5.7
2016-07-05 03:26:57,-97.732455,30.312493,5326.2,205.4,160,,5.8
2016-07-05 03:26:58,-97.73245,30.312543,5331.8,205.4,159,,5.8
2016-07-05 03:26:59,-97.732442,30.312597,5337.8,205.4,158,,5.8
2016-07-05 03:27:00,-97.732438,30.312647,5343.3,205.4,157,,5.7
2016-07-05 03:27:01,-97.732435,30.312689,5348.0,205.4,157,,5.5
2016-07-05 03:27:02,-97.732432,30.312726,5352.1,205.6,156,,5.2
2016-07-05 03:27:03,-97.732429,30.312763,5356.2,205.6,156,,4.9
2016-07-05 03:27:04,-97.732429,30.312797,5360.0,205.8,155,,4.4
2016-07-05 03:27:05,-97.732433,30.312832,5363.9,205.8,154,,4.1
2016-07-05 03:27:06,-97.732446,30.312863,5367.6,206.0,152,,3.9
2016-07-05 03:27:07,-97.732468,30.31288,5370.4,206.0,151,,3.7
2016-07-05 03:27:08,-97.732501,30.312882,5373.6,206.2,150,,3.5
2016-07-05 03:27:09,-97.732531,30.312875,5376.5,206.2,149,,3.3
2016-07-05 03:27:10,-97.732553,30.312871,5378.7,206.4,148,,3.0
2016-07-05 03:27:11,-97.732578,30.312869,5381.2,206.4,148,,2.7
2016-07-05 03:27:12,-97.732604,30.31288,5383.9,206.4,147,,2.7
2016-07-05 03:27:13,-97.732621,30.312901,5386.7,206.6,146,,2.6
2016-07-05 03:27:14,-97.732629,30.312926,5389.6,206.6,146,,2.6
2016-07-05 03:27:15,-97.732637,30.312951,5392.5,206.4,145,,2.8
2016-07-05 03:27:16,-97.732649,30.312977,5395.6,206.4,144,,2.9
2016-07-05 03:27:17,-97.732649,30.313007,5398.9,206.4,144,,3.0
2016-07-05 03:27:18,-97.732653,30.313034,5401.9,206.4,143,,3.0
2016-07-05 03:27:19,-97.732656,30.313064,5405.3,206.4,144,,3.1
2016-07-05 03:27:20,-97.732655,30.313093,5408.4,206.6,144,,3.2
2016-07-05 03:27:21,-97.732652,30.313122,5411.7,206.6,144,,3.2
2016-07-05 03:27:22,-97.732651,30.313151,5414.9,206.8,144,,3.2
2016-07-05 03:27:23,-97.732644,30.31318,5418.2,206.8,144,,3.3
2016-07-05 03:27:24,-97.732638,30.3132,5420.5,207.0,143,,3.0
2016-07-05 03:27:25,-97.732636,30.313225,5423.2,207.0,143,,3.0
2016-07-05 03:27:26,-97.732629,30.313248,5425.9,207.0,143,,2.8
2016-07-05 03:27:27,-97.732621,30.313269,5428.3,207.0,143,,2.7
2016-07-05 03:27:28,-97.732617,30.313288,5430.5,207.0,142,,2.5
2016-07-05 03:27:29,-97.732613,30.31332,5434.0,207.0,142,,2.7
2016-07-05 03:27:30,-97.732616,30.31334,5436.3,207.0,141,,2.6
2016-07-05 03:27:31,-97.732621,30.313356,5438.1,207.0,141,,2.4
2016-07-05 03:27:32,-97.732633,30.313367,5439.8,207.2,141,,2.3
2016-07-05 03:27:33,-97.732652,30.313375,5441.7,207.2,141,,2.2
2016-07-05 03:27:34,-97.732667,30.313383,5443.4,207.2,140,,1.9
2016-07-05 03:27:35,-97.732688,30.313383,5445.4,207.4,140,,1.8
2016-07-05 03:27:36,-97.732709,30.31339,5447.6,207.4,139,,1.9
2016-07-05 03:27:37,-97.732725,30.313397,5449.2,207.6,138,,1.9
2016-07-05 03:27:38,-97.732745,30.313398,5451.0,207.6,137,,1.9
2016-07-05 03:27:39,-97.732765,30.313397,5452.9,207.6,137,,1.9
2016-07-05 03:27:40,-97.732781,30.313394,5454.4,207.6,136,,1.8
2016-07-05 03:27:41,-97.732803,30.3134,5456.5,207.6,135,,1.8
2016-07-05 03:27:42,-97.732821,30.313406,5458.3,207.6,134,,1.8
2016-07-05 03:27:43,-97.732842,30.313412,5460.3,207.6,133,,1.9
2016-07-05 03:27:44,-97.732861,30.31342,5462.3,207.6,132,,1.9
2016-07-05 03:27:45,-97.732883,30.313432,5464.8,207.4,132,,2.1
2016-07-05 03:27:46,-97.732897,30.313438,5466.0,207.4,131,,1.9
2016-07-05 03:27:47,-97.732915,30.313446,5467.9,207.4,131,,1.9
2016-07-05 03:27:48,-97.732932,30.313454,5469.8,207.4,131,,1.9
2016-07-05 03:27:49,-97.732927,30.313453,5469.8,207.2,131,,1.5
2016-07-05 03:28:07,-97.733,30.313531,5469.8,206.6,133,,0.0
2016-07-05 03:28:08,-97.733017,30.31354,5471.7,206.8,133,,0.1
2016-07-05 03:28:09,-97.733048,30.313545,5474.7,206.8,133,,0.2
2016-07-05 03:28:10,-97.73307,30.313549,5476.9,206.8,132,,0.3
2016-07-05 03:28:11,-97.733103,30.313535,5480.5,207.0,131,,0.5
2016-07-05 03:28:12,-97.733116,30.313527,5481.9,207.2,130,,2.4
2016-07-05 03:28:13,-97.733117,30.313517,5482.9,210.0,130,,2.2
2016-07-05 03:28:14,-97.73311,30.313506,5484.2,212.4,130,,1.9
2016-07-05 03:28:15,-97.73311,30.313497,5485.1,212.4,130,,1.6
2016-07-05 03:28:16,-97.73311,30.313497,5485.1,212.4,131,,0.9
